longitude,latitude,housing_median_age,total_rooms,total_bedrooms,population,households,median_income,median_house_value,ocean_proximity
-121.99,37.53,25,5405,939,2831,923,5.0423,222200,<1H OCEAN
-122.35,37.93,28,1995,488,1182,439,2.3352,84300,NEAR BAY
-119.8,36.76,52,2224,418,832,406,2.3952,78400,INLAND
-119.78,36.74,15,1461,415,924,356,2.5045,90300,INLAND
-122.07,37.64,22,5861,1516,5436,1463,2.5158,134900,NEAR BAY
-122.07,37.88,11,1077,318,590,264,3.5536,387200,NEAR BAY
-122.14,37.73,52,2024,320,823,334,5.0,264700,NEAR BAY
-122.25,37.81,39,854,242,389,228,3.125,237500,NEAR BAY
-119.74,36.72,25,3972,842,2863,729,2.1304,58500,INLAND
-121.98,37.95,14,6290,854,2724,820,6.7371,267400,INLAND
-120.62,38.39,15,3750,691,1444,603,2.7399,134800,INLAND
-122.26,37.82,31,4596,1331,2048,1180,2.8345,183800,NEAR BAY
-120.67,38.19,17,2967,611,1387,564,2.0417,92600,INLAND
-121.91,37.68,18,3631,547,1700,520,5.817,257300,<1H OCEAN
-122.36,37.96,30,950,317,1073,280,1.8664,107800,NEAR BAY
-122.33,37.99,4,3999,1079,1591,887,3.911,112500,NEAR BAY
-122.11,37.66,29,2544,643,2332,603,3.2091,150000,NEAR BAY
-119.76,36.68,29,1243,312,836,277,1.8355,74200,INLAND
-122.29,37.87,46,1267,324,792,321,2.525,165900,NEAR BAY
-120.84,38.77,11,1013,188,410,158,4.825,184600,INLAND
-119.85,36.81,15,1743,310,1011,325,3.755,68000,INLAND
-119.99,38.88,17,2807,529,675,251,2.7457,107800,INLAND
-122.32,37.93,33,296,73,216,63,2.675,22500,NEAR BAY
-122.26,37.85,50,1120,283,697,264,2.125,140000,NEAR BAY
-122.08,37.7,25,3402,758,1645,710,3.4934,209900,NEAR BAY
-121.53,39.52,24,1028,185,471,186,2.9688,86400,INLAND
-122.1,37.66,34,656,115,342,112,4.6875,200600,NEAR BAY
-119.79,36.74,35,853,296,1228,289,1.0513,39600,INLAND
-122.25,37.79,39,461,129,381,123,1.6,112500,NEAR BAY
-122.25,37.87,52,1204,460,2016,477,0.949,350000,NEAR BAY
-121.96,38.02,35,2691,542,1409,505,3.016,95300,INLAND
-119.73,36.62,35,2080,365,1026,333,3.5781,92800,INLAND
-121.88,38.03,10,2769,619,1045,469,4.1111,158600,INLAND
-119.76,36.74,52,2137,448,1194,444,1.3029,69100,INLAND
-122.33,37.94,45,1226,279,590,260,2.8833,140400,NEAR BAY
-119.79,36.81,35,1877,328,1155,353,3.069,69600,INLAND
-121.97,37.52,26,3761,623,1776,613,4.5317,232600,<1H OCEAN
-121.89,39.71,26,2741,451,1217,437,3.7007,139200,INLAND
-122.2,37.84,35,2865,460,1072,443,7.4882,319300,NEAR BAY
-122.29,37.81,20,835,161,290,133,2.483,137500,NEAR BAY
-122.05,38.0,16,1085,217,356,232,2.3462,75000,NEAR BAY
-122.27,37.81,40,880,451,582,380,0.977,118800,NEAR BAY
-122.29,37.91,46,2085,346,748,354,4.0536,262000,NEAR BAY
-121.63,39.76,22,2598,482,1151,490,2.8182,109700,INLAND
-122.16,37.86,36,3359,493,1298,483,8.1586,404300,NEAR BAY
-122.19,37.78,52,1026,180,469,168,2.875,160000,NEAR BAY
-120.76,38.6,14,2925,625,1226,437,2.5865,133800,INLAND
-119.99,38.94,24,1216,289,421,185,3.1625,103600,INLAND
-122.03,37.55,22,9167,1373,4319,1404,6.992,284800,NEAR BAY
-122.26,37.85,52,3618,768,1508,755,3.2619,309600,NEAR BAY
-120.01,38.93,22,3080,610,1045,425,2.996,126100,INLAND
-121.82,38.0,29,2070,452,985,420,2.8466,113400,INLAND
-122.29,37.9,52,2657,500,1131,489,4.4286,234900,NEAR BAY
-122.28,37.89,52,2070,329,722,306,5.4171,292000,NEAR BAY
-122.28,37.87,52,1233,300,571,292,2.2788,182300,NEAR BAY
-119.99,38.94,22,3119,640,786,351,3.0806,118500,INLAND
-122.03,37.95,14,3287,793,1601,716,3.1719,220500,NEAR BAY
-119.8,36.83,17,1560,261,709,258,4.3315,95800,INLAND
-119.7,36.8,31,1746,321,1186,360,2.6932,66400,INLAND
-119.81,36.77,48,1805,329,741,331,2.5804,78900,INLAND
-122.24,37.79,27,1632,492,1171,429,2.3173,125000,NEAR BAY
-122.17,37.72,5,1692,398,814,328,3.663,158300,NEAR BAY
-119.95,38.95,22,1058,352,851,269,2.02,87500,INLAND
-119.58,36.83,13,6135,863,2473,774,5.4895,156700,INLAND
-122.32,37.92,28,4649,977,2606,953,3.2674,129100,NEAR BAY
-119.81,36.81,33,3972,594,1324,561,5.4513,143300,INLAND
-120.08,36.72,22,1339,251,820,276,3.6,83200,INLAND
-121.65,39.32,40,812,154,374,142,2.7891,73500,INLAND
-121.7,39.37,32,1852,373,911,365,1.7885,57000,INLAND
-119.84,36.78,24,3242,795,2764,773,1.3385,58800,INLAND
-121.85,39.74,39,1139,265,623,264,2.2833,85800,INLAND
-120.51,36.55,20,1193,263,1274,241,1.9417,38800,INLAND
-121.96,37.53,28,2949,529,1538,545,4.9615,228000,<1H OCEAN
-122.22,37.78,50,1920,530,1525,477,1.4886,128800,NEAR BAY
-119.72,36.72,15,1713,246,766,232,6.8162,127200,INLAND
-120.1,36.21,12,1462,356,1708,367,1.5086,64700,INLAND
-122.31,37.94,38,2172,403,945,384,4.3958,194200,NEAR BAY
-122.33,39.1,10,266,62,154,49,2.25,75000,INLAND
-119.78,36.82,22,4241,1147,1929,971,1.7708,53500,INLAND
-122.21,37.81,52,1389,212,510,224,5.2402,296400,NEAR BAY
-122.29,37.81,49,844,204,560,152,1.75,75000,NEAR BAY
-122.34,37.95,39,1986,427,1041,385,3.2333,135100,NEAR BAY
-122.13,37.68,43,1676,340,924,328,3.6,179400,NEAR BAY
-122.06,37.96,10,7136,1691,2959,1507,3.9816,182000,NEAR BAY
-122.12,37.67,33,3429,681,1798,694,3.9395,184700,NEAR BAY
-122.3,37.98,25,3807,806,1821,792,3.6518,164300,NEAR BAY
-119.75,36.72,22,3247,859,4179,881,1.3343,60800,INLAND
-122.01,39.21,52,1989,392,985,396,2.5556,75800,INLAND
-121.82,38.01,42,1017,253,798,266,2.1719,99100,INLAND
-122.21,37.82,52,2375,333,813,350,7.0549,331400,NEAR BAY
-119.69,36.79,15,2524,451,1207,424,2.7404,76300,INLAND
-122.24,37.81,52,2093,550,918,483,2.7477,243800,NEAR BAY
-119.73,36.52,20,1741,331,1466,289,2.5921,94200,INLAND
-119.71,36.8,25,875,156,646,166,3.0,72800,INLAND
-122.35,37.95,31,2449,595,1801,548,2.6328,110300,NEAR BAY
-119.79,36.83,15,3356,694,1232,627,2.2215,72200,INLAND
-119.69,36.73,30,2437,349,1005,380,7.2211,171700,INLAND
-122.04,37.95,29,866,138,341,133,4.7188,197100,NEAR BAY
-121.96,37.51,22,5811,1125,3215,1086,4.4107,223500,<1H OCEAN
-121.76,37.68,52,2157,418,929,419,3.7301,204400,INLAND
-122.16,37.76,45,2299,514,1437,484,2.5122,95500,NEAR BAY
-121.77,37.68,44,495,112,277,109,2.6667,179200,INLAND
-122.24,37.81,52,1490,238,634,256,6.0302,287300,NEAR BAY
-122.27,37.9,52,2079,273,684,275,7.9556,374400,NEAR BAY
-122.33,37.93,27,2158,424,1220,442,3.0156,111500,NEAR BAY
-119.69,36.71,25,556,79,249,71,4.4583,108300,INLAND
-122.22,37.81,52,2944,536,1034,521,5.3509,302100,NEAR BAY
-122.09,37.64,36,1180,212,664,200,5.2838,172600,NEAR BAY
-119.76,36.75,35,1607,383,1407,382,2.19,53400,INLAND
-122.16,39.74,20,707,126,337,125,3.0469,85000,INLAND
-122.08,37.9,29,4133,770,1691,744,5.1097,288000,NEAR BAY
-121.46,39.54,14,5549,1000,1822,919,2.9562,142300,INLAND
-119.96,38.93,22,2731,632,1215,483,2.83,110500,INLAND
-122.31,37.93,36,2403,408,917,404,5.0399,253400,NEAR BAY
-122.04,37.53,25,4458,922,2998,890,3.9667,218500,NEAR BAY
-119.96,38.84,17,2722,512,828,289,3.5714,109700,INLAND
-122.11,37.68,37,1976,481,1197,465,2.5772,170200,NEAR BAY
-122.18,37.74,42,541,154,380,123,2.3456,83500,NEAR BAY
-122.08,37.62,17,2485,518,1139,550,2.6875,157300,NEAR BAY
-121.79,37.66,22,14701,2210,6693,2232,5.98,245000,INLAND
-122.14,37.9,32,5738,746,2099,732,10.3224,500001,NEAR BAY
-121.96,37.74,2,200,20,25,9,15.0001,350000,<1H OCEAN
-122.3,37.77,42,2038,368,2037,355,2.6447,200000,NEAR BAY
-122.02,37.94,23,3516,661,1465,623,4.2569,213100,NEAR BAY
-121.77,37.99,4,5623,780,2429,716,5.4409,205100,INLAND
-122.09,37.65,35,1184,200,572,194,4.7143,193800,NEAR BAY
-121.93,38.01,9,2294,389,1142,365,5.3363,160800,INLAND
-120.84,38.63,12,1313,231,731,232,5.7373,208300,INLAND
-120.59,38.53,15,432,87,208,73,3.6125,100000,INLAND
-122.39,38.0,33,44,6,23,11,4.125,212500,NEAR BAY
-122.24,37.79,47,1372,395,1237,303,2.125,95500,NEAR BAY
-122.24,37.8,47,2046,588,1213,554,2.6292,182700,NEAR BAY
-121.84,39.73,52,957,263,513,223,1.3672,55000,INLAND
-120.45,36.86,34,673,173,539,182,2.3523,66000,INLAND
-122.28,37.88,52,1172,215,489,218,3.9167,235600,NEAR BAY
-122.21,37.78,43,1702,460,1227,407,1.7188,126800,NEAR BAY
-122.17,37.73,52,1555,289,620,292,3.7159,183300,NEAR BAY
-120.81,38.67,14,8396,1578,3952,1474,3.0565,118800,INLAND
-122.18,37.89,18,4845,735,1634,734,8.1489,499000,NEAR BAY
-122.34,37.96,15,6487,1717,3408,1560,2.1991,133300,NEAR BAY
-119.72,36.75,27,1691,282,869,337,3.9514,86900,INLAND
-122.27,37.87,52,3084,698,1424,694,2.7372,210200,NEAR BAY
-122.19,37.79,47,1229,243,582,256,2.9514,198100,NEAR BAY
-123.91,41.68,22,1880,360,743,314,2.9688,152700,<1H OCEAN
-122.31,37.93,39,2505,371,872,345,5.3433,286500,NEAR BAY
-122.32,37.97,29,2347,464,1135,490,3.9722,161000,NEAR BAY
-122.33,37.97,45,1982,376,1179,398,3.5463,130800,NEAR BAY
-122.3,37.9,30,1772,471,880,437,2.2672,162500,NEAR BAY
-122.34,37.94,31,1611,455,786,411,1.681,145500,NEAR BAY
-119.77,36.72,43,1763,389,1623,390,1.4427,47700,INLAND
-120.86,38.75,15,1533,300,674,287,2.5625,146100,INLAND
-120.78,38.74,28,4236,877,2008,881,2.1603,111300,INLAND
-120.35,36.16,18,1519,296,846,272,2.7792,85300,INLAND
-122.14,37.72,45,1397,253,555,248,2.983,202700,NEAR BAY
-122.12,37.68,40,1553,253,724,267,4.38,196400,NEAR BAY
-122.33,37.95,22,2099,569,1135,509,2.1915,120800,NEAR BAY
-122.24,37.77,52,1153,235,481,223,2.6411,241000,NEAR BAY
-121.52,39.48,21,2628,494,1364,468,2.0455,59400,INLAND
-122.07,37.65,31,3300,790,2181,740,3.016,161800,NEAR BAY
-122.03,37.86,29,3025,477,1035,452,6.112,390600,NEAR BAY
-122.31,37.91,43,2549,511,1060,528,3.6417,178400,NEAR BAY
-119.86,36.82,12,1488,253,675,223,4.7622,89300,INLAND
-122.23,37.79,43,5963,1344,4367,1231,2.1917,112800,NEAR BAY
-122.25,37.86,52,1389,191,514,202,7.0897,446200,NEAR BAY
-120.57,38.2,13,4110,847,1796,706,2.6417,122300,INLAND
-119.82,36.74,52,610,128,406,122,1.8967,43800,INLAND
-122.02,37.54,31,1240,264,719,236,3.535,210300,NEAR BAY
-120.66,38.61,19,2715,596,1301,473,2.5042,126400,INLAND
-119.82,36.76,46,2194,563,924,542,1.4028,68500,INLAND
-122.08,37.65,17,5018,1439,3069,1299,2.7694,161900,NEAR BAY
-121.93,37.74,16,3326,419,1272,402,6.8806,343500,<1H OCEAN
-119.79,36.8,27,2462,484,852,449,3.32,124700,INLAND
-119.83,36.79,24,3505,819,2098,774,1.9575,67000,INLAND
-122.05,37.59,15,6243,1273,3163,1274,3.7462,212500,NEAR BAY
-122.35,37.92,36,921,200,585,236,1.9224,94000,NEAR BAY
-122.07,37.59,15,3475,686,2568,653,4.6211,151400,NEAR BAY
-121.95,38.02,9,3360,833,2041,810,2.1013,100700,INLAND
-121.8,37.69,17,3956,639,2222,662,5.4324,215500,INLAND
-121.59,39.78,16,2754,570,1063,543,1.4048,86500,INLAND
-122.2,37.79,40,1060,256,667,235,4.1739,169600,NEAR BAY
-119.75,36.75,49,2331,460,1290,477,2.5111,55400,INLAND
-122.01,39.21,39,1214,250,660,249,2.4559,75000,INLAND
-119.81,36.78,35,1012,245,633,240,2.0324,55500,INLAND
-122.28,37.81,52,340,97,200,87,1.5208,112500,NEAR BAY
-121.96,37.55,4,3746,993,1606,838,4.1387,162500,<1H OCEAN
-119.55,36.51,46,55,11,26,5,4.125,67500,INLAND
-119.61,36.57,42,2242,521,1359,483,1.5833,65100,INLAND
-122.03,37.99,37,1755,327,882,350,4.59,166600,NEAR BAY
-120.66,38.4,18,2144,420,985,381,3.175,118500,INLAND
-122.21,37.79,47,1543,307,859,292,2.9583,138800,NEAR BAY
-122.12,37.7,17,2488,617,1287,538,2.9922,179900,NEAR BAY
-119.8,36.68,31,2214,432,1326,416,2.1691,66700,INLAND
-120.97,38.42,16,1748,322,4930,287,4.3029,121900,INLAND
-121.86,37.66,22,3634,664,1699,640,4.1597,293200,INLAND
-122.2,37.79,35,1802,459,1009,390,2.3036,126000,NEAR BAY
-121.56,39.53,12,1733,421,1861,415,1.5771,65200,INLAND
-122.03,37.83,24,5948,738,1997,710,9.8708,500001,NEAR BAY
-119.76,36.73,39,1553,363,1449,341,1.4419,45500,INLAND
-122.17,37.75,48,1751,390,935,349,1.4375,90000,NEAR BAY
-121.24,39.65,35,632,148,221,102,2.3684,62500,INLAND
-122.11,37.7,29,1298,306,835,338,2.3274,170400,NEAR BAY
-121.7,39.36,37,2330,495,1505,470,2.0474,56000,INLAND
-120.63,38.75,17,3145,621,1432,559,2.7201,117500,INLAND
-120.01,38.91,17,2732,609,1005,499,1.9851,86700,INLAND
-121.98,37.53,28,2829,566,1610,540,4.6,223200,<1H OCEAN
-122.32,37.94,46,1901,295,833,352,5.5196,210800,NEAR BAY
-122.29,37.78,42,1241,309,821,300,1.9427,102200,NEAR BAY
-120.65,38.42,23,1538,305,730,267,2.6078,116700,INLAND
-122.27,37.82,52,1630,456,1162,400,1.2475,104200,NEAR BAY
-119.7,36.81,32,2623,528,1570,492,2.7159,68000,INLAND
-121.62,39.77,23,1759,366,788,359,1.8125,93500,INLAND
-122.0,37.99,28,4035,641,1881,659,5.4607,192300,INLAND
-119.7,36.75,11,3626,779,1819,731,2.4956,87500,INLAND
-122.06,37.63,12,6711,1374,3388,1289,3.8625,208900,NEAR BAY
-122.24,37.86,52,1668,225,517,214,7.8521,500001,NEAR BAY
-122.1,37.63,18,9963,2031,5613,1946,3.8171,187200,NEAR BAY
-119.82,36.72,25,2581,528,1642,509,1.6435,52600,INLAND
-122.08,37.64,36,1116,199,662,226,5.7309,177900,NEAR BAY
-121.93,38.02,13,1524,286,940,308,5.1337,154800,INLAND
-122.04,37.99,36,2765,495,1478,441,4.125,136200,NEAR BAY
-121.91,37.81,7,3477,416,1216,395,13.1499,500001,INLAND
-122.06,37.77,12,14316,2045,5781,2007,7.2634,341600,NEAR BAY
-122.28,37.85,49,1130,244,607,239,2.4597,93800,NEAR BAY
-119.56,36.53,19,2746,495,1670,518,3.2019,95700,INLAND
-120.43,36.18,29,579,116,218,99,2.1458,104200,INLAND
-120.38,36.76,25,991,272,941,262,1.8125,58000,INLAND
-121.57,39.5,31,2023,469,1073,436,1.5714,56100,INLAND
-122.26,37.77,52,1848,479,921,477,2.875,234000,NEAR BAY
-122.25,38.02,16,1803,267,946,266,5.7001,205100,NEAR BAY
-122.21,37.8,39,2018,447,1221,446,3.0757,151000,NEAR BAY
-121.89,37.68,22,1898,239,734,245,6.2918,334100,<1H OCEAN
-119.8,36.76,52,1853,437,764,390,1.6429,69200,INLAND
-122.25,37.8,42,4120,1065,1715,1015,2.9345,225000,NEAR BAY
-122.27,37.81,52,210,56,183,56,1.1667,112500,NEAR BAY
-119.69,36.77,22,2456,496,1720,417,2.6875,60600,INLAND
-122.0,37.55,27,6103,1249,3026,1134,4.1591,332400,<1H OCEAN
-122.21,37.77,52,591,173,353,137,4.0904,80600,NEAR BAY
-119.71,36.77,11,5112,1384,2487,1243,2.1461,75900,INLAND
-119.85,36.74,35,1191,190,537,182,3.5375,96700,INLAND
-119.45,36.6,36,2294,489,1430,454,1.8975,60900,INLAND
-121.75,37.69,26,2647,536,1422,522,3.7212,183800,INLAND
-122.34,37.96,33,1817,441,1220,389,2.5382,103600,NEAR BAY
-122.19,37.73,44,1066,253,825,244,2.1538,79700,NEAR BAY
-122.0,37.58,6,4405,717,2071,688,5.8151,295600,<1H OCEAN
-122.13,37.76,26,3266,491,1222,533,5.37,275400,NEAR BAY
-119.6,36.56,36,738,168,737,186,1.4415,54400,INLAND
-122.25,37.82,52,2474,403,1104,398,5.883,340700,NEAR BAY
-122.02,37.6,36,1633,345,1382,338,3.694,159600,NEAR BAY
-119.78,36.79,33,2260,440,966,413,2.9301,68300,INLAND
-119.76,36.76,23,3800,1003,3786,917,1.4766,50600,INLAND
-122.23,37.8,51,1590,414,949,392,1.9028,127900,NEAR BAY
-122.28,37.79,30,4145,869,3668,855,2.5444,275000,NEAR BAY
-122.35,37.98,34,3756,726,2237,686,3.7562,132900,NEAR BAY
-122.27,37.88,52,1693,391,669,367,3.5417,287500,NEAR BAY
-121.96,37.53,23,2215,475,1278,492,4.2955,218800,<1H OCEAN
-119.98,38.9,16,3109,572,885,334,3.5,134700,INLAND
-119.72,36.82,15,946,239,550,246,2.2639,52500,INLAND
-119.76,36.79,32,2463,468,1261,486,3.3281,75100,INLAND
-122.24,37.81,52,2485,313,953,327,6.8591,352400,NEAR BAY
-122.1,37.68,37,1352,342,691,324,3.4032,196900,NEAR BAY
-119.79,36.75,52,377,97,530,96,1.0,45000,INLAND
-122.17,37.74,47,463,134,327,137,2.15,97200,NEAR BAY
-120.63,38.68,14,1821,316,769,266,3.0789,131700,INLAND
-122.19,37.8,46,1938,341,768,332,4.2727,246900,NEAR BAY
-120.36,36.14,18,1206,274,622,217,1.8264,62000,INLAND
-120.22,36.49,14,1508,347,1679,345,2.4786,56000,INLAND
-122.18,37.81,37,1643,262,620,266,5.4446,336700,NEAR BAY
-119.73,36.59,31,1551,296,1058,287,3.3438,92600,INLAND
-119.74,36.75,47,2236,418,1042,397,2.9545,59600,INLAND
-122.24,38.01,16,2084,315,1154,307,6.0102,235600,NEAR BAY
-119.79,36.77,43,2323,502,1144,471,2.3967,58700,INLAND
-122.15,37.74,52,2898,557,1338,550,3.851,183500,NEAR BAY
-122.13,37.89,27,744,214,295,169,2.7411,350000,NEAR BAY
-122.23,37.83,52,2990,379,947,361,7.8772,500001,NEAR BAY
-122.08,37.71,35,2211,350,1004,365,5.4639,238600,NEAR BAY
-122.27,37.78,52,1222,264,630,265,3.7708,215300,NEAR BAY
-122.18,37.79,41,1411,233,626,214,7.0875,240700,NEAR BAY
-120.46,38.15,16,4221,781,1516,697,2.3816,116000,INLAND
-121.6,39.76,22,2447,556,1157,556,1.8245,85500,INLAND
-122.12,37.94,22,4949,626,1850,590,10.4549,500001,NEAR BAY
-122.25,37.79,52,902,237,846,227,3.625,125000,NEAR BAY
-122.32,37.95,37,1887,353,895,359,4.45,196600,NEAR BAY
-122.17,37.76,40,1685,343,949,342,1.8426,94800,NEAR BAY
-122.33,37.91,36,1954,513,1437,440,1.125,93800,NEAR BAY
-121.96,37.58,15,3575,597,1777,559,5.7192,283500,<1H OCEAN
-122.22,37.82,42,2991,335,1018,335,13.499,500001,NEAR BAY
-121.46,39.4,17,3659,735,1970,667,2.425,96200,INLAND
-121.71,39.42,21,1432,284,862,275,2.2813,57600,INLAND
-122.09,37.68,41,1382,353,704,314,3.5114,197500,NEAR BAY
-119.71,36.81,9,1122,290,662,284,2.0536,55000,INLAND
-118.94,37.13,12,2255,472,1006,334,4.1563,94000,INLAND
-122.25,37.87,42,1756,465,2184,422,2.5562,371400,NEAR BAY
-119.77,36.76,43,1945,413,1492,422,1.5174,54600,INLAND
-120.44,36.84,29,1563,293,883,288,2.8182,90500,INLAND
-122.05,37.9,24,4125,1020,1699,873,2.9526,271000,NEAR BAY
-122.08,37.64,36,1340,245,789,248,3.8,172000,NEAR BAY
-122.35,37.91,4,2851,798,1285,712,4.2895,186800,NEAR BAY
-122.41,37.94,52,154,33,89,38,3.2875,275000,NEAR BAY
-122.22,37.79,44,1487,314,961,272,3.5156,109500,NEAR BAY
-122.35,37.95,42,1485,290,971,303,3.6094,114600,NEAR BAY
-122.22,37.81,52,1971,335,765,308,6.5217,273700,NEAR BAY
-121.95,37.74,19,1127,170,518,167,6.3325,250000,<1H OCEAN
-119.76,36.83,17,3690,628,1888,601,4.0196,84200,INLAND
-119.45,36.59,28,1274,215,572,202,3.825,84200,INLAND
-121.89,37.49,9,4909,577,1981,591,9.7194,500001,<1H OCEAN
-122.27,37.78,13,2020,535,959,486,5.2601,292700,NEAR BAY
-122.3,37.91,39,2686,569,1159,559,2.9441,200400,NEAR BAY
-122.08,37.58,16,3349,544,2003,488,6.0074,236500,NEAR BAY
-122.36,37.94,41,2591,585,1638,462,1.822,79700,NEAR BAY
-122.24,37.83,41,2576,406,794,376,5.956,366100,NEAR BAY
-120.37,36.15,34,2084,339,868,347,4.381,86300,INLAND
-122.1,37.61,35,2361,458,1727,467,4.5281,173600,NEAR BAY
-122.15,37.71,18,5778,1526,2441,1352,3.1682,202700,NEAR BAY
-119.82,36.79,18,5822,1439,3415,1224,1.6854,64700,INLAND
-119.73,36.73,9,1621,428,678,394,2.2437,54200,INLAND
-119.71,36.83,5,1087,338,623,362,1.8061,113400,INLAND
-122.2,37.77,39,2689,597,1888,537,2.2562,94800,NEAR BAY
-122.01,39.21,50,1592,372,781,307,2.2679,69100,INLAND
-122.11,37.69,42,1472,310,768,309,3.4643,160900,NEAR BAY
-122.16,37.76,36,2781,574,1438,519,2.4598,155500,NEAR BAY
-122.15,37.71,36,998,178,531,183,4.0208,191500,NEAR BAY
-121.9,37.67,7,9540,1294,3926,1229,7.4353,389800,<1H OCEAN
-120.55,38.43,18,1564,357,618,277,2.3549,108900,INLAND
-119.82,36.78,36,1370,289,812,282,2.6127,69600,INLAND
-122.19,37.82,32,1835,264,635,263,8.317,365900,NEAR BAY
-122.06,37.85,17,7475,1556,2092,1449,3.6437,186500,NEAR BAY
-119.83,36.75,33,662,183,607,181,1.3929,55600,INLAND
-119.85,36.83,11,2497,427,1101,405,4.8036,141600,INLAND
-122.01,37.98,25,1476,336,777,297,3.5179,165500,NEAR BAY
-119.8,36.8,43,1951,288,725,308,6.3359,169300,INLAND
-119.57,36.7,7,1761,309,974,308,3.7261,83900,INLAND
-122.23,37.84,47,3175,454,1098,485,5.2868,347600,NEAR BAY
-119.25,36.71,13,2813,579,1385,512,2.2202,100000,INLAND
-122.36,37.92,52,215,41,126,43,1.3929,104200,NEAR BAY
-121.55,39.51,48,827,198,396,161,0.8024,58300,INLAND
-119.71,36.82,12,2144,568,1320,566,2.3381,112500,INLAND
-120.76,38.65,17,2319,430,1126,372,3.5511,155900,INLAND
-119.81,36.78,37,1965,364,796,335,3.625,83400,INLAND
-122.03,37.54,6,2918,672,1911,639,4.1406,178200,NEAR BAY
-122.08,37.63,31,767,171,548,185,3.7614,176000,NEAR BAY
-120.71,38.85,8,1877,479,884,323,3.4688,120100,INLAND
-120.71,38.34,16,1257,231,559,213,4.4531,144300,INLAND
-122.37,37.94,49,969,229,599,195,1.3167,71600,NEAR BAY
-121.98,37.8,17,3354,422,1457,425,7.6473,345800,<1H OCEAN
-119.85,36.76,10,2067,450,845,354,1.8214,80100,INLAND
-119.67,36.82,2,2579,376,1133,342,4.5577,123300,INLAND
-122.04,37.85,27,6039,780,2181,761,9.5862,469400,NEAR BAY
-120.76,38.73,17,512,129,314,140,1.5625,108300,INLAND
-119.98,38.93,28,1194,272,494,203,2.3281,85800,INLAND
-121.9,38.03,51,2982,689,1831,608,2.0034,87700,INLAND
-122.25,37.8,43,2364,792,1359,722,2.1429,250000,NEAR BAY
-119.72,36.8,16,2396,526,1338,518,2.1653,78800,INLAND
-121.97,37.56,13,8918,1823,4518,1772,4.8052,254000,<1H OCEAN
-121.91,37.68,20,1804,254,831,260,6.177,262900,<1H OCEAN
-119.98,36.74,26,1453,251,896,260,3.4861,112500,INLAND
-122.13,37.72,45,2315,451,1006,444,3.524,186200,NEAR BAY
-119.6,36.58,28,1452,300,919,308,2.8287,73100,INLAND
-121.99,39.15,17,6440,1204,3266,1142,2.7137,72000,INLAND
-122.33,37.93,34,2326,471,1356,441,2.3475,90300,NEAR BAY
-121.81,37.99,18,2807,445,1315,437,4.8194,170400,INLAND
-122.15,37.76,39,1823,286,763,270,6.0749,196900,NEAR BAY
-120.95,38.69,10,3421,563,1689,545,5.2032,217100,INLAND
-122.16,37.89,32,1779,241,721,258,8.7589,434500,NEAR BAY
-121.91,37.47,13,5377,744,2759,760,6.868,337300,<1H OCEAN
-122.0,37.98,35,1192,201,535,172,4.9219,182000,INLAND
-119.85,36.82,15,1387,236,638,195,5.5842,88900,INLAND
-121.89,37.82,4,11444,1355,3898,1257,13.2949,500001,INLAND
-119.8,36.72,19,1334,336,1171,319,1.0481,48500,INLAND
-119.75,36.77,32,1962,399,1005,392,2.6726,70400,INLAND
-122.03,37.53,18,1746,437,1268,404,3.256,183300,NEAR BAY
-121.98,37.8,16,2498,330,1027,343,8.155,343700,<1H OCEAN
-122.19,37.77,41,2036,510,1412,454,2.0469,89300,NEAR BAY
-121.83,39.74,34,3263,604,1290,594,2.575,130300,INLAND
-122.33,37.92,26,3887,779,2512,740,2.2301,122400,NEAR BAY
-122.07,37.67,27,3239,671,1469,616,3.2465,230600,NEAR BAY
-122.28,37.81,36,2914,562,1236,509,2.4464,102100,NEAR BAY
-122.01,37.54,32,2572,406,1128,395,5.0,287600,NEAR BAY
-121.81,38.0,37,2724,579,1400,540,2.905,97300,INLAND
-122.28,37.88,52,1909,416,811,406,3.006,227900,NEAR BAY
-122.21,37.79,34,2364,557,1517,516,2.8365,139200,NEAR BAY
-122.28,37.83,52,1511,390,901,403,1.4103,103900,NEAR BAY
-122.06,37.96,37,1784,313,788,304,4.2917,189600,NEAR BAY
-119.8,36.74,25,1717,542,1343,471,0.799,51800,INLAND
-121.57,39.76,20,1384,257,557,232,2.0882,104900,INLAND
-121.87,39.75,22,1707,296,822,297,3.6625,126600,INLAND
-122.08,37.87,24,6130,1359,1750,1286,2.9167,102700,NEAR BAY
-121.84,39.74,43,2976,599,1181,560,2.2621,85100,INLAND
-122.06,37.54,20,6483,1068,3526,1060,5.0838,248200,NEAR BAY
-122.04,37.95,33,1653,334,814,328,3.1406,163100,NEAR BAY
-122.25,37.77,52,2650,566,1468,567,3.0161,215700,NEAR BAY
-122.15,37.69,38,1246,221,637,222,3.6625,184600,NEAR BAY
-122.25,37.85,52,1627,280,565,259,3.8462,342200,NEAR BAY
-121.52,39.51,30,3085,610,1688,575,2.334,72200,INLAND
-122.19,37.78,52,1070,193,555,190,3.7262,166900,NEAR BAY
-121.99,37.97,30,3320,589,1470,543,4.6071,184100,INLAND
-119.73,36.76,30,1548,282,886,311,3.1,71300,INLAND
-122.26,37.8,36,5329,2477,3469,2323,2.0096,130000,NEAR BAY
-122.01,37.53,19,4572,712,2346,709,6.0667,245700,NEAR BAY
-122.26,37.83,52,1665,419,946,395,2.0978,155400,NEAR BAY
-122.08,37.72,31,3866,531,1368,521,6.187,340400,NEAR BAY
-122.0,37.98,31,2030,337,867,341,5.0915,193200,INLAND
-121.6,39.8,10,1742,307,721,312,2.4537,117900,INLAND
-121.97,37.54,31,1949,344,986,322,4.6349,196200,<1H OCEAN
-121.92,37.47,26,2016,322,1105,357,6.0878,246900,<1H OCEAN
-119.92,36.77,18,1422,243,702,230,3.6204,119800,INLAND
-122.29,37.88,52,2159,424,824,388,3.8897,218400,NEAR BAY
-121.83,37.95,17,1133,244,716,235,2.875,162500,INLAND
-122.09,37.7,30,1751,269,731,263,6.005,263900,NEAR BAY
-122.42,37.93,47,3453,779,1353,728,4.016,274500,NEAR BAY
-122.3,37.87,52,3123,749,1695,684,2.2208,144800,NEAR BAY
-120.54,38.07,37,736,148,339,140,2.2875,79900,INLAND
-122.09,37.63,35,1213,221,790,243,4.7019,174100,NEAR BAY
-121.99,37.54,18,3584,715,1673,661,3.9444,240100,<1H OCEAN
-121.94,38.03,27,1654,478,1141,420,1.4871,87100,INLAND
-122.26,37.83,52,1470,330,689,309,3.48,191400,NEAR BAY
-121.86,38.04,52,242,59,188,54,1.3958,67500,INLAND
-121.92,37.74,8,452,51,140,43,12.5915,432400,<1H OCEAN
-122.18,37.79,46,2109,387,922,329,3.9712,208100,NEAR BAY
-122.06,37.89,21,4985,1590,2575,1458,3.1002,114300,NEAR BAY
-122.07,37.63,35,1931,376,1175,337,3.7292,168100,NEAR BAY
-119.44,36.59,32,1153,236,761,241,2.825,67600,INLAND
-121.96,37.84,29,7479,977,2744,943,7.5139,398200,INLAND
-122.15,37.69,36,1501,287,703,276,3.8864,197300,NEAR BAY
-119.79,36.78,38,1912,456,1131,408,2.03,58800,INLAND
-120.98,38.34,27,3471,653,1793,600,3.5508,99100,INLAND
-122.29,37.89,52,1571,349,693,326,3.1375,229100,NEAR BAY
-122.04,37.66,23,2419,348,1066,384,6.3501,350000,NEAR BAY
-122.16,37.73,52,2260,416,994,412,4.1164,198200,NEAR BAY
-121.62,39.5,18,2105,416,974,385,1.6346,63300,INLAND
-122.16,37.77,48,977,194,446,180,4.7708,156300,NEAR BAY
-119.77,36.76,43,1623,294,781,272,1.869,56000,INLAND
-121.82,38.01,50,1120,281,625,239,1.5988,96400,INLAND
-119.62,36.59,17,2287,390,1330,393,4.0197,88000,INLAND
-122.3,38.0,34,1712,317,956,341,4.4394,162000,NEAR BAY
-122.15,37.74,41,856,178,571,191,3.1458,130600,NEAR BAY
-122.04,37.62,35,899,179,455,185,4.2857,190400,NEAR BAY
-122.1,37.7,25,2973,622,1413,595,4.3819,209200,NEAR BAY
-122.09,37.71,35,2663,387,1086,367,5.1498,266400,NEAR BAY
-122.28,37.85,41,535,123,317,119,2.4038,107500,NEAR BAY
-122.3,37.9,38,2263,522,1027,509,3.5125,224200,NEAR BAY
-122.31,37.92,30,1014,236,537,204,2.8456,183300,NEAR BAY
-122.11,37.98,11,4371,679,1790,660,6.135,297300,NEAR BAY
-121.9,38.04,36,1489,331,838,259,1.2024,90200,INLAND
-122.27,37.85,52,335,83,152,77,2.2841,106300,NEAR BAY
-119.31,36.62,33,1485,374,1544,329,1.7292,52000,INLAND
-122.1,37.68,37,2116,503,1109,448,2.535,174000,NEAR BAY
-122.11,37.71,36,4569,824,1950,819,4.65,206800,NEAR BAY
-121.72,37.7,17,1671,352,729,252,6.1023,450000,INLAND
-122.18,37.76,49,2308,452,1299,451,1.8407,96700,NEAR BAY
-122.06,37.65,33,1227,286,848,291,3.8036,158200,NEAR BAY
-121.76,37.7,9,3980,736,1705,679,5.7068,256700,INLAND
-122.07,37.94,43,1454,234,683,258,4.475,265700,NEAR BAY
-122.28,37.87,49,2026,548,963,521,1.9805,173700,NEAR BAY
-119.55,36.7,31,1671,372,1371,347,2.3687,63900,INLAND
-119.6,36.57,42,2311,439,1347,436,2.5556,69700,INLAND
-122.31,38.01,18,4123,874,1895,772,3.2759,195000,NEAR BAY
-119.79,36.79,19,1524,448,960,386,1.5122,47500,INLAND
-119.69,36.75,13,2343,409,1347,405,4.0027,93100,INLAND
-122.15,37.69,36,1545,273,863,267,4.0109,192900,NEAR BAY
-122.2,37.96,9,6306,962,2581,911,6.7741,310700,NEAR BAY
-122.28,37.89,52,1225,169,412,168,5.7912,327100,NEAR BAY
-121.6,39.83,12,3744,699,1532,660,2.3079,95300,INLAND
-121.93,37.54,25,1354,192,596,220,6.629,352400,<1H OCEAN
-121.98,37.95,16,2984,406,1317,397,6.7821,265900,INLAND
-122.28,37.8,52,96,31,191,34,0.75,162500,NEAR BAY
-120.27,38.31,13,3297,662,267,97,3.075,108300,INLAND
-122.14,37.7,36,1266,228,606,239,3.9702,194100,NEAR BAY
-122.18,37.9,36,4760,610,1511,572,9.0064,500001,NEAR BAY
-121.92,38.02,8,2750,479,1526,484,5.102,156500,INLAND
-122.11,37.69,37,2444,651,1562,618,2.6464,155200,NEAR BAY
-121.99,37.81,17,465,83,146,75,4.9018,188500,<1H OCEAN
-121.99,37.58,31,2878,478,1276,485,6.2073,282500,<1H OCEAN
-122.23,37.76,52,3037,516,1242,518,5.2128,289900,NEAR BAY
-122.03,37.54,16,4458,856,3038,870,5.0739,208000,NEAR BAY
-122.08,37.68,26,2607,682,1401,607,2.6563,184100,NEAR BAY
-122.05,37.68,23,7518,1279,3827,1294,5.1701,216800,NEAR BAY
-122.04,37.5,17,407,97,307,100,3.1696,156300,NEAR BAY
-119.52,36.71,21,1834,321,1120,314,2.59,69300,INLAND
-120.8,38.51,23,1001,195,369,157,3.125,96400,INLAND
-124.23,41.75,11,3159,616,1343,479,2.4805,73200,NEAR OCEAN
-122.16,37.73,49,1699,408,768,385,2.8301,171600,NEAR BAY
-119.89,36.64,34,1422,237,716,222,2.975,90000,INLAND
-122.25,37.82,32,3809,1098,1806,1022,2.6429,218500,NEAR BAY
-122.25,37.81,52,2155,701,895,613,2.5795,350000,NEAR BAY
-122.26,37.77,52,1210,168,411,172,3.3571,405400,NEAR BAY
-122.29,37.91,38,2591,424,905,378,5.1691,263200,NEAR BAY
-122.13,39.0,23,3832,774,2435,747,2.2754,59200,INLAND
-121.89,38.01,32,1000,188,663,212,4.0972,99200,INLAND
-122.26,37.81,29,335,107,202,91,2.0062,125000,NEAR BAY
-121.92,37.96,14,5332,884,2093,839,5.2798,237400,INLAND
-121.94,37.93,16,3421,427,1341,428,7.5695,320400,INLAND
-120.25,36.65,31,1177,221,744,223,2.4937,66000,INLAND
-122.12,37.64,40,432,102,264,77,3.8875,228100,NEAR BAY
-122.35,37.93,41,268,75,198,82,3.2222,156300,NEAR BAY
-122.26,37.77,52,1704,371,663,340,4.226,275000,NEAR BAY
-122.13,38.02,52,2378,508,940,451,2.9583,166000,NEAR BAY
-122.25,37.8,41,1471,469,1062,413,1.6121,171400,NEAR BAY
-122.26,37.83,52,1443,311,660,292,3.0125,184400,NEAR BAY
-122.22,37.86,21,7099,1106,2401,1138,8.3014,358500,NEAR BAY
-122.06,37.6,22,3009,497,1640,514,4.625,235300,NEAR BAY
-120.76,38.12,7,7188,1288,3175,1115,3.8488,130600,INLAND
-121.99,37.82,22,1248,271,579,269,3.375,200000,<1H OCEAN
-122.17,37.77,31,2424,533,1360,452,1.871,90700,NEAR BAY
-122.32,37.95,36,1425,245,573,239,4.35,185000,NEAR BAY
-119.74,36.77,30,2427,482,1375,518,2.5737,76900,INLAND
-119.78,36.76,50,1343,322,1063,342,1.75,49800,INLAND
-120.01,38.91,27,968,191,283,143,2.0938,94400,INLAND
-122.27,37.81,10,875,348,546,330,0.76,162500,NEAR BAY
-122.28,37.82,52,1170,235,701,233,1.6098,87500,NEAR BAY
-122.14,37.74,52,1071,201,440,192,4.0662,204200,NEAR BAY
-122.26,37.83,52,2432,715,1377,696,2.5898,176000,NEAR BAY
-120.65,38.28,21,3095,681,1341,546,2.1382,104000,INLAND
-122.25,37.86,52,4048,663,1316,590,5.3794,376900,NEAR BAY
-119.81,36.79,35,2314,443,954,457,2.9506,73800,INLAND
-122.26,38.04,41,2512,539,1179,480,2.694,123000,NEAR BAY
-122.31,37.93,36,1526,256,696,263,3.5089,261900,NEAR BAY
-122.18,37.76,50,1187,261,907,246,1.9479,89500,NEAR BAY
-122.13,37.71,44,1613,339,776,346,3.1103,188900,NEAR BAY
-122.1,37.69,30,3115,625,1444,568,3.7222,195800,NEAR BAY
-119.88,36.81,30,2288,474,1435,425,1.3221,61200,INLAND
-122.28,38.0,26,2335,413,980,417,3.4471,178900,NEAR BAY
-119.33,36.89,15,1879,411,755,294,2.0,83300,INLAND
-122.08,37.64,30,5267,1253,4065,1113,3.3479,182100,NEAR BAY
-122.28,37.86,52,3007,691,1582,636,2.5652,157700,NEAR BAY
-122.1,37.68,31,1892,428,1162,389,3.125,167100,NEAR BAY
-120.46,38.09,16,3758,715,1777,615,3.0,122600,INLAND
-122.03,37.61,37,1383,259,808,241,4.0125,161400,NEAR BAY
-122.19,37.77,52,2329,445,1144,417,3.5114,151200,NEAR BAY
-121.83,37.99,23,1150,174,572,174,4.9167,152400,INLAND
-122.22,37.78,44,1678,514,1700,495,2.0801,131900,NEAR BAY
-122.16,38.02,40,1800,290,761,277,5.1265,196100,NEAR BAY
-120.38,36.15,17,2279,448,1200,420,2.7461,70000,INLAND
-121.61,39.76,31,2431,512,1026,427,2.5428,85000,INLAND
-121.78,37.69,34,2358,498,1157,461,3.3618,174600,INLAND
-122.06,37.67,22,3882,816,1830,743,4.2733,180700,NEAR BAY
-122.09,37.7,31,2053,336,867,329,4.3375,241800,NEAR BAY
-120.92,38.86,11,1720,345,850,326,3.2027,128600,INLAND
-121.6,39.68,15,1677,345,844,330,2.3958,111200,INLAND
-122.11,37.67,36,2110,389,952,370,3.8,187500,NEAR BAY
-122.08,37.6,10,3046,678,2056,628,3.9022,191700,NEAR BAY
-122.19,37.76,52,2024,391,1030,350,2.4659,94700,NEAR BAY
-122.13,37.68,44,2147,399,1175,401,4.1974,179300,NEAR BAY
-121.81,39.7,21,5051,1054,2948,980,1.5863,81300,INLAND
-119.77,36.8,24,3748,770,1827,719,2.7222,83100,INLAND
-119.79,36.75,33,3161,934,3530,846,1.123,46700,INLAND
-121.78,37.69,35,2853,588,1761,572,4.3533,168400,INLAND
-122.24,37.85,52,3726,474,1366,496,9.3959,500001,NEAR BAY
-119.78,36.75,31,1404,379,1515,387,1.2813,56400,INLAND
-122.08,39.25,52,224,38,120,45,3.017,112500,INLAND
-120.9,38.2,16,3120,641,1319,526,2.0472,93200,INLAND
-122.25,38.05,30,1255,297,779,307,1.6767,147700,NEAR BAY
-119.92,38.91,15,3831,625,984,328,5.0718,162500,INLAND
-119.79,36.79,26,1700,423,909,386,2.256,64500,INLAND
-122.03,37.98,44,1254,252,498,217,3.4531,148900,NEAR BAY
-121.64,39.74,20,1808,334,763,335,2.3711,121800,INLAND
-122.0,37.98,36,404,77,237,88,4.525,161300,INLAND
-119.75,36.73,39,2290,539,1685,536,1.6325,52100,INLAND
-122.02,37.8,11,6200,907,2286,896,7.6518,359300,NEAR BAY
-121.59,39.82,12,1958,369,875,354,2.3507,97600,INLAND
-121.96,37.95,13,3216,765,1627,715,3.0859,167800,INLAND
-119.96,38.94,27,1492,393,717,254,1.8906,104200,INLAND
-121.65,38.03,28,3144,694,1095,482,3.4402,192400,INLAND
-119.81,36.51,31,1241,254,767,226,2.7321,83600,INLAND
-122.17,37.74,43,818,193,494,179,2.4776,101600,NEAR BAY
-121.77,38.01,13,2983,534,1417,510,3.9861,168100,INLAND
-122.18,37.81,30,292,38,126,52,6.3624,483300,NEAR BAY
-121.52,39.43,15,2119,389,1079,374,2.3566,80400,INLAND
-121.75,37.71,11,12070,2220,5826,2125,4.8624,192400,INLAND
-122.1,37.96,20,3796,650,1679,611,4.3571,228200,NEAR BAY
-122.17,37.75,41,1257,271,828,230,2.5043,92300,NEAR BAY
-121.55,39.44,31,1434,283,811,289,1.7727,49000,INLAND
-122.29,37.82,2,158,43,94,57,2.5625,60000,NEAR BAY
-121.53,39.44,26,1340,255,662,239,2.6071,57100,INLAND
-122.24,37.84,52,3529,574,1177,555,5.1773,389500,NEAR BAY
-121.93,37.89,13,2085,292,852,264,7.3445,366700,INLAND
-122.24,37.8,52,1586,398,1006,335,2.1348,140600,NEAR BAY
-122.2,37.77,41,1547,415,1024,341,2.0562,102000,NEAR BAY
-120.84,38.73,17,2616,492,1158,457,2.8807,142600,INLAND
-121.99,37.55,16,6647,2098,4649,1903,2.9074,213800,<1H OCEAN
-122.24,37.85,52,1467,190,496,177,7.2574,352100,NEAR BAY
-119.55,36.51,46,1889,390,971,403,2.2132,76600,INLAND
-122.09,37.63,36,1570,274,992,249,5.3644,168800,NEAR BAY
-122.17,37.75,37,1379,287,835,259,2.4962,91800,NEAR BAY
-121.61,39.77,25,1612,313,837,303,2.963,89500,INLAND
-122.05,37.93,5,4274,1153,1503,881,4.0473,266500,NEAR BAY
-122.26,37.82,37,3633,1085,1838,980,2.6104,193100,NEAR BAY
-121.97,37.51,25,3333,511,1671,504,5.4359,258300,<1H OCEAN
-122.2,39.75,18,2603,576,1616,588,2.0192,63700,INLAND
-122.36,37.94,26,1540,343,1007,338,1.3365,72900,NEAR BAY
-121.9,38.0,14,1930,363,990,322,4.1094,162200,INLAND
-119.97,38.93,24,856,185,388,108,3.1806,107200,INLAND
-122.28,37.81,52,386,164,346,155,0.8075,137500,NEAR BAY
-122.23,37.76,52,1705,246,658,253,5.75,306300,NEAR BAY
-122.01,37.93,25,2652,335,1062,334,7.5898,330200,NEAR BAY
-122.25,37.82,26,3959,1196,1749,1217,3.0233,255000,NEAR BAY
-121.51,39.97,22,1468,285,611,235,2.3036,73000,INLAND
-122.26,37.78,52,970,217,528,208,3.3438,201300,NEAR BAY
-122.13,37.77,24,2459,317,916,324,7.0712,293000,NEAR BAY
-121.83,37.99,23,1970,296,935,279,4.4853,145900,INLAND
-122.3,37.97,34,2854,528,1211,452,3.5353,164700,NEAR BAY
-119.85,36.82,9,3995,778,1691,712,3.3239,91300,INLAND
-122.12,37.69,35,2681,508,1580,536,4.1042,179100,NEAR BAY
-122.08,37.61,6,2605,474,1568,433,5.0406,261400,NEAR BAY
-121.84,39.72,52,1457,389,802,342,0.9566,69000,INLAND
-121.73,38.0,3,9217,1522,3578,1272,5.0016,189100,INLAND
-122.09,37.63,34,1457,242,735,249,3.9167,189500,NEAR BAY
-120.56,38.09,34,2745,559,1150,491,2.3654,94900,INLAND
-122.2,37.8,43,3045,499,1115,455,4.9559,273000,NEAR BAY
-122.24,37.76,49,2428,525,1110,492,3.6719,229800,NEAR BAY
-122.22,37.78,51,1637,463,1543,393,2.489,119100,NEAR BAY
-119.63,36.7,42,1338,215,617,222,3.0833,133300,INLAND
-122.08,37.67,29,493,168,233,152,0.9637,160000,NEAR BAY
-122.02,37.99,37,2247,416,1237,397,4.45,161900,NEAR BAY
-119.81,36.76,52,1792,352,1049,357,2.4375,57100,INLAND
-119.74,36.79,28,2857,619,1614,592,2.1573,71400,INLAND
-121.72,37.98,5,7105,1143,3523,1088,5.0468,168800,INLAND
-119.83,36.79,35,1872,363,1054,369,3.3272,65600,INLAND
-121.94,38.02,29,5765,1170,3266,1131,2.7907,113900,INLAND
-122.03,37.61,36,1409,271,1002,281,3.7262,164900,NEAR BAY
-119.98,38.93,25,1262,293,534,226,2.6607,90400,INLAND
-119.74,36.78,27,4049,947,2254,882,2.2467,70700,INLAND
-122.23,37.8,52,783,184,488,186,1.9375,126600,NEAR BAY
-124.16,41.92,19,1668,324,841,283,2.1336,75000,NEAR OCEAN
-122.04,37.96,28,1207,252,724,252,3.6964,165700,NEAR BAY
-119.52,36.61,33,1225,275,1065,248,1.8958,55100,INLAND
-119.69,36.74,23,2097,385,911,405,3.5128,121600,INLAND
-122.22,37.84,50,2935,473,1031,479,7.5,295200,NEAR BAY
-119.99,36.8,45,1270,242,598,214,3.2813,105400,INLAND
-122.01,37.97,34,3259,498,1250,478,5.3794,206200,NEAR BAY
-122.19,37.76,38,1493,370,1144,351,0.7683,81800,NEAR BAY
-122.03,37.94,21,5541,776,2214,737,5.5777,279300,NEAR BAY
-122.18,37.68,5,2087,407,840,401,5.4858,187800,NEAR BAY
-119.76,36.82,17,6932,1486,3056,1453,2.3375,99300,INLAND
-121.62,39.76,14,2063,559,934,529,1.7788,85800,INLAND
-119.8,36.73,45,925,231,797,228,1.7011,44800,INLAND
-122.18,37.86,33,4449,636,1684,617,8.9571,399700,NEAR BAY
-119.83,36.8,16,6101,1200,3407,1134,3.125,80800,INLAND
-119.79,36.84,22,1529,375,1543,395,1.7926,51700,INLAND
-121.79,37.69,25,6296,1082,3200,1047,4.5357,188400,INLAND
-122.23,37.76,52,2269,323,805,321,4.7188,335300,NEAR BAY
-122.16,37.77,45,2324,397,968,384,3.5739,176000,NEAR BAY
-122.18,37.78,50,1642,322,713,284,3.2984,160700,NEAR BAY
-122.21,37.78,52,1477,300,1065,269,1.8472,137000,NEAR BAY
-119.76,36.75,41,1576,417,1567,366,1.2545,45500,INLAND
-122.19,37.71,36,361,69,158,58,5.5461,262500,NEAR BAY
-121.92,38.01,7,1632,248,879,262,6.1237,166000,INLAND
-122.08,37.68,37,848,202,314,205,2.3958,190800,NEAR BAY
-122.04,37.54,26,2145,369,1285,377,4.9464,223800,NEAR BAY
-119.97,36.44,18,1128,237,772,220,2.1771,39200,INLAND
-122.35,37.96,36,2191,531,1563,524,2.5164,114200,NEAR BAY
-119.43,36.59,15,1371,306,1266,309,1.767,63300,INLAND
-119.8,36.72,15,1908,417,1383,375,1.0472,57800,INLAND
-121.69,37.95,15,1850,441,1348,403,3.8125,125400,INLAND
-119.55,36.61,14,3004,793,3535,735,1.586,56900,INLAND
-122.17,37.72,42,3008,659,1817,664,3.371,165000,NEAR BAY
-119.61,36.58,29,1312,280,788,271,2.6974,73000,INLAND
-122.51,39.3,19,1629,386,551,214,1.7463,68800,INLAND
-119.81,36.78,52,2281,371,839,367,3.5972,89900,INLAND
-121.87,39.82,11,5103,825,2456,810,4.5032,159700,INLAND
-121.93,37.66,24,3166,424,1081,400,8.3337,500001,<1H OCEAN
-121.79,39.73,8,5690,1189,2887,1077,3.0625,116300,INLAND
-121.73,37.68,17,20354,3493,8768,3293,5.4496,238900,INLAND
-121.88,37.68,23,2234,270,854,286,7.333,337200,INLAND
-122.29,37.81,46,2801,644,1823,611,0.9802,129200,NEAR BAY
-121.84,39.68,38,549,105,275,94,3.5375,153100,INLAND
-119.73,36.83,14,3348,491,1584,493,5.0828,111400,INLAND
-119.59,36.52,35,990,192,674,178,3.3214,101600,INLAND
-122.26,37.86,52,3774,744,1461,679,2.9405,289500,NEAR BAY
-121.52,39.49,30,1217,238,677,233,2.6563,63600,INLAND
-119.76,36.77,38,3804,814,2142,816,2.1439,60200,INLAND
-122.05,37.68,32,2015,318,1019,340,6.1104,240700,NEAR BAY
-122.25,37.74,25,1914,365,897,390,4.4562,206200,NEAR BAY
-122.3,37.81,48,828,182,392,133,2.5938,73500,NEAR BAY
-119.85,36.78,8,3096,684,1454,545,2.7857,79700,INLAND
-119.79,36.76,52,2408,498,1361,465,2.1055,61300,INLAND
-121.55,39.5,26,3215,827,2041,737,1.0585,45100,INLAND
-121.92,38.03,16,2176,464,1410,434,3.5436,100200,INLAND
-119.77,36.74,51,1454,235,729,252,3.3125,70100,INLAND
-122.3,37.9,35,1102,308,688,303,2.3946,141700,NEAR BAY
-119.81,36.83,10,5780,922,2712,883,5.6445,135500,INLAND
-122.25,37.77,52,859,157,429,158,4.3098,197900,NEAR BAY
-120.37,36.16,36,613,124,310,124,3.0658,65000,INLAND
-119.79,36.72,19,1719,391,1369,368,1.25,53000,INLAND
-122.27,37.88,52,3360,648,1232,621,4.2813,284900,NEAR BAY
-120.87,38.37,28,3998,765,1614,698,2.8125,113400,INLAND
-122.08,37.7,32,2718,447,1156,410,5.2497,259300,NEAR BAY
-122.27,37.85,47,1375,307,843,319,1.3785,142300,NEAR BAY
-121.98,38.05,31,2810,518,1640,503,3.3661,98500,INLAND
-122.27,37.79,27,1055,347,718,302,2.6354,187500,NEAR BAY
-121.56,39.52,9,818,197,358,197,1.7708,79500,INLAND
-120.88,38.58,8,3417,604,1703,623,4.0827,170700,INLAND
-121.82,38.01,47,1265,254,587,247,2.6364,93500,INLAND
-122.13,38.01,51,1262,309,608,298,2.1974,139300,NEAR BAY
-122.15,37.7,36,1468,252,733,229,3.4583,192600,NEAR BAY
-121.87,39.74,7,1737,290,747,265,3.9,147000,INLAND
-119.39,36.64,38,949,190,578,187,2.3618,80000,INLAND
-122.06,37.7,37,1893,310,821,315,4.6005,231600,NEAR BAY
-122.25,37.86,48,2153,517,1656,459,3.0417,489600,NEAR BAY
-121.6,39.79,18,2672,533,1151,532,2.567,102900,INLAND
-119.76,36.83,22,2803,438,1234,457,4.5179,99600,INLAND
-119.82,36.84,7,2289,342,1077,354,5.4868,158800,INLAND
-122.07,37.58,16,1893,338,1461,344,5.225,213700,NEAR BAY
-122.07,37.66,21,5031,1168,2461,1042,3.875,179300,NEAR BAY
-121.92,37.53,7,28258,3864,12203,3701,8.4045,451100,<1H OCEAN
-122.22,37.81,52,2024,339,756,340,4.072,270100,NEAR BAY
-122.29,37.89,52,2248,422,870,377,3.4732,246200,NEAR BAY
-122.28,37.84,50,2082,492,1131,473,1.6424,108900,NEAR BAY
-122.29,37.88,52,1650,395,841,380,3.556,179300,NEAR BAY
-122.28,37.82,52,1238,288,622,259,1.5057,87500,NEAR BAY
-122.31,37.91,39,2955,696,1417,682,2.7628,167800,NEAR BAY
-121.89,38.02,36,2707,550,1827,545,3.3371,94600,INLAND
-122.13,37.72,35,2183,383,976,392,3.8393,243500,NEAR BAY
-122.02,37.89,29,6349,858,2450,778,7.5,356200,NEAR BAY
-119.34,37.12,23,1881,380,64,37,3.875,125000,INLAND
-122.28,37.87,46,3022,696,1293,675,2.543,220700,NEAR BAY
-122.08,37.63,33,691,127,431,149,4.25,192600,NEAR BAY
-119.68,36.63,39,1237,256,638,239,3.0139,65300,INLAND
-122.04,37.99,38,2675,541,1378,480,3.8897,139900,NEAR BAY
-121.67,39.37,27,2599,502,1241,502,1.9943,86300,INLAND
-122.33,37.94,43,1876,389,807,377,3.1571,141600,NEAR BAY
-122.16,37.69,36,1480,278,796,283,4.3971,205700,NEAR BAY
-122.04,37.59,14,1727,302,1116,273,5.3428,243600,NEAR BAY
-122.11,37.64,8,3592,849,1907,746,3.6708,197900,NEAR BAY
-122.05,37.9,32,2676,484,986,473,4.6528,335700,NEAR BAY
-122.06,37.88,34,4781,703,1879,714,6.5378,340900,NEAR BAY
-122.03,37.54,35,1867,343,1213,338,4.8214,186000,NEAR BAY
-122.27,37.87,35,3218,1108,1675,1000,1.7464,216700,NEAR BAY
-122.3,37.87,10,503,118,228,100,2.1705,150000,NEAR BAY
-122.23,38.05,52,1736,358,638,297,2.5517,147100,NEAR BAY
-119.73,36.77,24,4410,939,2362,862,2.9406,73000,INLAND
-121.6,37.9,5,14684,2252,4276,1722,6.9051,340900,INLAND
-121.82,39.73,33,2242,517,1160,449,1.7426,60300,INLAND
-122.07,37.71,36,2879,480,1235,455,4.9801,241500,NEAR BAY
-119.77,36.8,32,3461,665,1507,649,2.9244,84600,INLAND
-119.93,38.72,15,2061,465,573,196,2.2417,97900,INLAND
-119.85,36.43,23,1824,354,1146,362,2.8913,60900,INLAND
-119.57,36.7,30,2370,412,1248,410,3.1442,72300,INLAND
-122.26,37.81,34,5871,1914,2689,1789,2.8406,335700,NEAR BAY
-121.99,37.83,16,2939,380,1177,396,8.0839,372000,<1H OCEAN
-121.97,37.53,35,2277,420,1353,413,4.75,197000,<1H OCEAN
-121.98,37.74,8,2865,389,1376,417,7.9393,399300,<1H OCEAN
-122.2,37.8,52,1547,293,706,268,4.7721,217100,NEAR BAY
-122.27,37.85,52,4076,920,1800,815,2.7054,182300,NEAR BAY
-119.88,36.85,8,2580,372,1111,393,7.5,256200,INLAND
-122.3,37.89,46,1520,402,815,375,2.8036,211600,NEAR BAY
-122.23,37.82,52,3242,366,1001,352,12.2138,500001,NEAR BAY
-122.23,37.78,52,862,215,994,213,3.0257,80800,NEAR BAY
-120.87,38.71,13,2692,470,1302,420,4.0,167400,INLAND
-122.28,37.81,52,773,143,377,115,2.4083,98200,NEAR BAY
-121.85,39.73,52,444,80,1107,98,3.4191,137500,INLAND
-122.31,37.92,43,2116,407,900,361,4.1587,212200,NEAR BAY
-122.23,37.85,52,2800,411,1061,403,6.3434,373600,NEAR BAY
-121.81,39.71,18,1222,250,708,281,2.0288,116700,INLAND
-122.04,37.99,32,1504,279,749,267,3.2,134500,NEAR BAY
-122.18,37.75,43,1036,233,652,213,2.069,84600,NEAR BAY
-119.94,38.92,24,1258,216,235,96,4.6,136800,INLAND
-119.77,36.81,25,1565,271,661,275,3.4279,84700,INLAND
-122.33,37.89,42,1342,291,551,266,4.5268,207400,NEAR BAY
-120.99,38.67,8,4913,744,2005,723,5.4413,187900,INLAND
-121.91,37.93,13,1610,198,703,217,8.7059,329400,INLAND
-121.94,37.75,16,5121,735,2464,761,6.6204,296100,<1H OCEAN
-119.71,36.81,19,1648,368,557,354,1.7969,72800,INLAND
-119.72,36.81,28,1651,305,780,309,2.9453,72200,INLAND
-121.84,37.66,13,13182,2074,4847,1950,5.6417,352900,INLAND
-124.19,41.78,15,3140,714,1645,640,1.6654,74600,NEAR OCEAN
-122.24,37.76,52,1846,471,827,446,2.6833,240900,NEAR BAY
-122.25,37.83,52,1279,287,534,291,3.1429,231600,NEAR BAY
-121.63,38.04,25,2019,411,888,326,3.2619,183800,INLAND
-122.25,37.8,29,2468,864,1335,773,1.3929,193800,NEAR BAY
-119.79,36.73,52,112,28,193,40,1.975,47500,INLAND
-122.13,37.72,25,1134,153,340,171,6.5095,371200,NEAR BAY
-120.99,38.69,5,5743,1074,2651,962,4.1163,172500,INLAND
-120.79,38.54,34,1133,254,495,187,2.05,68900,INLAND
-120.93,38.26,13,2084,449,834,305,3.2937,114200,INLAND
-119.78,36.75,43,2070,512,1925,444,1.4635,46600,INLAND
-120.69,36.84,18,902,195,771,174,2.2083,55000,INLAND
-122.17,37.77,30,3326,746,1704,703,2.875,135300,NEAR BAY
-122.13,37.71,44,1421,298,609,270,3.5781,180000,NEAR BAY
-122.0,37.98,32,1013,169,436,173,5.1118,226900,INLAND
-122.24,37.85,37,334,54,98,47,4.9643,335000,NEAR BAY
-122.03,37.55,26,3087,532,1597,483,4.9118,217300,NEAR BAY
-122.2,37.83,26,1589,223,542,211,8.401,351200,NEAR BAY
-121.59,39.75,20,908,206,481,211,2.2,80800,INLAND
-121.99,37.56,18,5505,1005,2641,971,5.0,269700,<1H OCEAN
-122.33,37.98,3,2850,544,1024,515,6.0115,175000,NEAR BAY
-122.08,37.66,33,1547,372,1063,356,2.5625,154300,NEAR BAY
-119.76,36.79,26,3654,837,1976,830,2.1544,72800,INLAND
-119.65,36.51,30,1671,319,966,282,3.1333,100000,INLAND
-121.96,37.54,14,5106,1207,2738,1108,3.9909,236000,<1H OCEAN
-121.89,37.67,19,2034,288,852,295,6.5285,300400,INLAND
-122.29,37.9,52,1604,263,594,286,5.338,270900,NEAR BAY
-122.12,37.7,19,2495,635,1571,579,2.5833,159900,NEAR BAY
-122.06,37.64,33,1160,252,729,220,3.8259,146100,NEAR BAY
-122.11,37.89,32,2372,516,1067,492,4.3235,279500,NEAR BAY
-122.27,37.78,45,1169,263,723,286,3.9444,212900,NEAR BAY
-122.13,37.69,17,2380,769,1216,643,3.395,271300,NEAR BAY
-122.02,37.63,6,2445,590,1189,573,3.8958,301100,NEAR BAY
-121.86,39.74,13,3494,843,1571,784,1.1019,120200,INLAND
-119.82,36.77,36,2252,468,1117,442,2.9081,65600,INLAND
-122.25,37.87,52,609,236,1349,250,1.1696,500001,NEAR BAY
-122.28,37.84,52,729,160,395,155,1.6875,132000,NEAR BAY
-121.64,37.85,22,1999,415,967,320,4.4583,253900,INLAND
-121.49,39.52,25,848,153,436,155,3.9028,93800,INLAND
-119.69,36.79,13,1736,313,993,314,3.7697,83600,INLAND
-122.34,37.99,42,1531,326,1271,377,2.6167,85100,NEAR BAY
-122.07,37.98,12,6915,1639,2940,1468,4.0154,186100,NEAR BAY
-121.01,38.73,7,6322,1046,2957,1024,4.7276,197500,INLAND
-119.73,36.68,32,755,205,681,207,1.7986,49300,INLAND
-122.29,37.97,20,3426,632,1512,580,4.4911,227400,NEAR BAY
-122.09,37.69,20,4296,817,1732,800,4.8036,188300,NEAR BAY
-121.97,37.97,24,1330,183,656,205,5.0092,244100,INLAND
-122.12,38.01,50,1738,355,837,363,3.609,135700,NEAR BAY
-122.02,37.87,14,3056,369,1209,377,8.4352,441400,NEAR BAY
-122.27,37.84,48,1922,409,1026,335,1.7969,110400,NEAR BAY
-122.05,37.94,22,4162,1194,1804,1185,2.5459,179300,NEAR BAY
-122.09,37.71,31,1843,282,749,269,5.2855,253500,NEAR BAY
-122.07,37.94,36,2639,488,1111,476,3.5057,205100,NEAR BAY
-122.22,37.79,38,3049,711,2167,659,2.7969,141700,NEAR BAY
-122.01,37.91,21,10093,1269,3645,1219,7.6877,367700,NEAR BAY
-120.98,38.67,13,3432,516,1286,470,5.584,186600,INLAND
-121.83,37.99,18,2741,449,1507,460,4.7566,142500,INLAND
-119.97,38.94,26,1485,334,406,180,1.9667,84600,INLAND
-119.78,36.75,49,1175,307,982,278,1.2937,52000,INLAND
-121.84,39.73,52,677,152,379,154,1.6797,94800,INLAND
-122.07,37.91,33,1550,277,638,254,3.6833,292500,NEAR BAY
-122.25,37.76,52,2876,648,1340,632,3.567,252900,NEAR BAY
-122.04,38.0,16,3077,733,1447,709,3.2484,91100,NEAR BAY
-122.19,37.78,52,2492,415,1109,375,4.3125,164400,NEAR BAY
-122.35,37.94,47,1275,275,844,273,2.8967,95600,NEAR BAY
-122.26,37.9,52,1927,279,705,288,7.8864,357300,NEAR BAY
-119.78,36.78,31,2164,456,959,463,2.3293,73400,INLAND
-122.21,37.78,46,2239,508,1390,569,2.7352,137300,NEAR BAY
-122.13,37.72,26,2862,394,1030,397,7.912,367300,NEAR BAY
-120.0,36.7,33,1902,370,1168,358,2.6852,70800,INLAND
-120.44,38.61,9,2598,548,796,297,3.5192,98000,INLAND
-121.9,38.0,14,2677,368,1288,375,6.0497,177500,INLAND
-122.13,37.75,30,414,54,137,50,4.975,311100,NEAR BAY
-122.17,37.78,42,1524,260,651,267,3.6875,157300,NEAR BAY
-122.08,37.72,32,2476,368,1048,367,5.6194,274700,NEAR BAY
-122.24,37.8,52,1803,420,1321,401,2.957,122800,NEAR BAY
-122.26,38.03,41,1631,282,752,288,3.9345,150200,NEAR BAY
-121.96,37.71,6,8072,1050,3386,1062,7.2494,336500,<1H OCEAN
-121.84,39.73,52,857,232,520,198,0.987,112500,INLAND
-122.11,37.87,33,3398,500,1351,457,6.5814,314200,NEAR BAY
-122.17,37.75,47,998,211,597,185,3.1587,100400,NEAR BAY
-122.22,37.85,28,5287,1048,2031,956,5.457,337300,NEAR BAY
-122.07,37.52,3,14014,2861,7205,2753,6.0824,273500,NEAR BAY
-122.28,37.89,52,2616,473,1085,487,4.125,270900,NEAR BAY
-122.28,37.81,17,1237,462,762,439,0.9241,177500,NEAR BAY
-122.02,38.0,28,2965,533,1591,472,4.6375,178200,NEAR BAY
-122.25,37.89,37,3000,457,987,450,7.5385,350000,NEAR BAY
-122.26,37.87,52,1087,371,3337,350,1.4012,175000,NEAR BAY
-122.14,37.67,37,3156,534,1495,543,4.8125,188300,NEAR BAY
-122.24,37.79,43,1626,376,1284,357,2.2542,112200,NEAR BAY
-122.27,37.85,52,1966,347,793,331,2.775,152500,NEAR BAY
-122.06,37.6,18,1726,276,1186,310,5.3226,231700,NEAR BAY
-122.26,37.86,52,3497,832,1493,794,2.9044,257400,NEAR BAY
-122.06,37.94,19,4005,972,1896,893,2.5268,235700,NEAR BAY
-119.82,36.81,25,3305,551,1149,500,5.0698,150900,INLAND
-119.9,36.58,20,1935,363,1319,359,2.4814,74600,INLAND
-122.02,37.6,32,1295,280,1156,300,3.5,154300,NEAR BAY
-120.19,36.61,29,1479,338,1408,322,2.293,57200,INLAND
-121.79,37.67,26,2163,339,947,346,6.0797,211000,INLAND
-122.29,37.87,44,2539,755,1382,713,2.537,175000,NEAR BAY
-122.07,37.86,17,1102,224,317,208,3.5893,206300,NEAR BAY
-121.97,38.04,38,2505,554,1595,498,2.5833,83500,INLAND
-121.76,37.69,29,3433,711,1919,709,3.3841,184400,INLAND
-122.41,37.98,36,60,15,42,25,1.4583,67500,NEAR BAY
-122.11,37.65,18,4335,808,2041,734,3.4861,331600,NEAR BAY
-122.34,37.94,44,1917,444,936,435,2.7391,140300,NEAR BAY
-122.18,37.75,45,990,261,901,260,2.1731,82000,NEAR BAY
-121.93,37.72,26,3816,637,1935,642,4.4697,221300,<1H OCEAN
-121.6,39.77,23,2263,497,1138,455,2.3403,87300,INLAND
-119.75,36.83,15,2793,436,1411,441,4.9292,109400,INLAND
-119.78,36.71,35,1987,394,1233,383,1.3587,45300,INLAND
-119.8,36.72,43,1286,360,972,345,0.9513,50400,INLAND
-122.25,37.83,52,2376,559,939,519,3.1484,224100,NEAR BAY
-122.07,37.89,38,757,124,319,123,5.6558,263300,NEAR BAY
-122.13,37.75,36,768,93,229,93,5.3602,330000,NEAR BAY
-122.08,37.9,32,1075,170,486,173,5.0499,306800,NEAR BAY
-121.87,38.02,52,2264,439,1403,476,2.7083,99400,INLAND
-119.55,36.52,31,1986,417,1042,422,3.0294,70200,INLAND
-122.24,37.75,27,4051,753,1499,797,4.8711,286600,NEAR BAY
-120.79,38.83,15,1374,291,709,239,1.7222,118500,INLAND
-119.12,36.69,13,3963,812,1905,671,2.2278,90500,INLAND
-121.88,37.66,29,2702,680,1360,642,3.1127,233000,INLAND
-120.56,38.39,20,1326,307,563,237,2.6667,86600,INLAND
-122.03,37.61,33,1518,302,831,268,5.097,188600,NEAR BAY
-119.78,36.8,34,3426,623,1938,647,2.8994,66000,INLAND
-122.1,37.93,20,10212,1424,4083,1374,8.039,382200,NEAR BAY
-122.12,38.0,20,6992,1404,3221,1334,4.2042,166400,NEAR BAY
-122.29,37.89,52,979,175,374,153,5.1675,270600,NEAR BAY
-122.08,37.61,26,2261,443,1039,395,3.7931,203900,NEAR BAY
-122.13,37.7,43,3046,557,1333,544,3.4583,183700,NEAR BAY
-122.19,37.76,41,921,207,522,159,1.2083,72500,NEAR BAY
-121.81,38.01,47,1942,430,1074,393,2.2361,105100,INLAND
-121.86,37.7,13,9621,1344,4389,1391,6.6827,313700,INLAND
-122.21,37.78,44,1729,414,1240,393,2.3125,102800,NEAR BAY
-122.09,37.64,36,1885,307,853,271,4.1141,173100,NEAR BAY
-122.2,39.15,33,1064,174,434,147,3.125,108000,INLAND
-119.73,36.81,19,1699,356,994,368,2.7778,79700,INLAND
-119.77,36.44,26,1727,289,802,259,3.2083,75000,INLAND
-122.17,37.88,33,3626,502,1348,480,7.6107,423200,NEAR BAY
-121.98,37.97,26,2738,428,1316,430,5.2442,213200,INLAND
-122.05,37.57,7,10648,1818,6075,1797,6.1047,278200,NEAR BAY
-119.69,36.75,6,1926,303,965,316,4.7463,93100,INLAND
-121.62,39.79,11,3835,727,1456,658,2.5374,97200,INLAND
-122.19,37.75,36,1126,263,482,150,1.9167,82800,NEAR BAY
-119.77,36.73,45,1081,241,821,230,1.7829,52600,INLAND
-122.27,37.85,47,2077,400,719,326,2.2431,172700,NEAR BAY
-120.67,36.72,18,819,198,996,198,2.5,112500,INLAND
-121.95,37.96,18,2739,393,1072,374,6.1436,259500,INLAND
-121.58,39.51,24,1865,372,1087,385,1.6389,56700,INLAND
-121.92,37.49,10,7441,1588,3571,1466,5.1643,193100,<1H OCEAN
-121.93,37.7,3,2456,582,793,456,4.4087,225600,<1H OCEAN
-122.26,37.82,40,624,195,423,160,0.9506,187500,NEAR BAY
-119.87,36.78,4,6102,1114,3406,1115,3.4213,84500,INLAND
-122.04,37.61,36,1151,216,727,215,4.1719,187000,NEAR BAY
-120.03,38.89,15,3042,588,918,336,3.8333,118800,INLAND
-119.79,36.7,23,1731,363,1210,341,1.3922,49500,INLAND
-122.08,37.62,27,1826,309,1016,313,5.64,206500,NEAR BAY
-122.08,37.93,35,4043,689,1832,662,5.0761,233200,NEAR BAY
-122.15,37.73,28,2215,587,830,573,2.1898,141700,NEAR BAY
-121.7,37.98,9,3079,519,1562,512,5.1041,172900,INLAND
-119.74,36.83,14,4675,829,2235,787,4.1098,108200,INLAND
-122.21,38.06,52,2735,559,1076,487,3.6154,155700,NEAR BAY
-119.82,36.77,41,1441,274,646,296,3.0568,71300,INLAND
-122.27,37.82,43,1868,456,1061,407,1.5045,93800,NEAR BAY
-122.27,37.84,52,2436,541,1015,478,1.725,113900,NEAR BAY
-122.0,37.96,32,3364,666,1980,678,3.7,179000,INLAND
-119.71,36.88,17,2236,315,992,312,6.9405,165200,INLAND
-122.29,37.76,18,2873,763,1243,663,5.1702,265400,NEAR BAY
-121.82,37.69,12,1906,351,802,319,4.9375,227700,INLAND
-119.7,36.8,34,1768,303,888,314,3.8088,87700,INLAND
-122.33,37.94,44,1769,332,828,309,4.0526,150800,NEAR BAY
-122.18,37.73,42,4074,874,2736,780,2.455,82400,NEAR BAY
-119.71,36.76,28,2675,527,1392,521,2.3108,72000,INLAND
-120.93,38.77,9,2229,355,788,341,5.5111,196300,INLAND
-122.17,37.72,46,1369,284,766,289,3.5313,159700,NEAR BAY
-121.53,39.53,35,1806,293,683,295,4.5156,91200,INLAND
-120.37,38.23,13,4401,829,924,383,2.6942,123500,INLAND
-122.04,37.97,10,974,316,631,286,2.3152,140600,NEAR BAY
-119.59,36.72,18,1284,193,621,190,4.5375,130600,INLAND
-122.07,37.68,36,1815,426,1280,431,3.25,218100,NEAR BAY
-119.8,36.71,29,1541,291,1007,313,2.0043,53500,INLAND
-121.86,38.0,16,3216,464,1504,453,5.25,161700,INLAND
-122.22,37.8,52,2183,465,1129,460,3.2632,227700,NEAR BAY
-119.69,36.8,31,2576,458,1306,418,3.2813,68700,INLAND
-122.01,37.94,18,2077,298,937,292,6.3809,273600,NEAR BAY
-121.96,37.53,18,2375,652,1252,586,2.6198,235900,<1H OCEAN
-119.8,36.75,41,1659,466,1391,447,1.3527,61200,INLAND
-121.87,37.57,13,5519,833,2444,825,7.0691,393200,<1H OCEAN
-121.54,39.5,38,1438,310,779,275,1.3289,39400,INLAND
-119.68,36.83,11,2455,344,1110,339,6.1133,120000,INLAND
-121.63,39.75,37,1296,296,569,257,1.8616,70500,INLAND
-122.33,37.95,42,1627,336,848,316,3.7708,144600,NEAR BAY
-122.27,37.88,52,2803,930,1372,876,2.1907,271400,NEAR BAY
-121.99,37.54,26,2332,371,1285,404,5.388,225000,<1H OCEAN
-120.34,38.25,17,5497,1056,997,408,2.9821,111500,INLAND
-122.04,37.97,26,2470,626,1174,573,2.9861,160900,NEAR BAY
-119.91,36.83,29,2205,366,1072,345,3.8056,165400,INLAND
-119.83,36.73,21,1702,358,1347,316,2.4137,62100,INLAND
-119.43,36.63,25,1784,312,904,303,3.625,107600,INLAND
-122.2,37.82,37,1229,181,420,176,7.0175,366700,NEAR BAY
-122.04,37.63,21,1307,236,586,249,4.7813,241900,NEAR BAY
-121.91,37.71,25,4377,668,2038,671,5.7233,231800,<1H OCEAN
-121.89,39.76,15,10265,1860,4591,1906,3.07,142600,INLAND
-122.06,37.91,15,5393,1422,2133,1288,4.1612,232800,NEAR BAY
-122.01,37.55,34,2791,495,1276,468,4.9167,256300,NEAR BAY
-121.59,39.78,18,945,205,385,207,2.1838,58000,INLAND
-119.47,36.69,19,3351,589,1578,542,3.2917,160100,INLAND
-119.69,36.46,29,1702,301,914,280,2.8125,79200,INLAND
-120.5,38.87,10,81,41,55,16,4.9583,87500,INLAND
-121.96,37.96,28,1838,273,899,270,5.2145,229200,INLAND
-122.33,37.96,46,1222,236,819,251,3.9118,129400,NEAR BAY
-122.28,37.75,20,1156,365,583,326,3.1972,100000,NEAR BAY
-121.68,37.93,44,1014,225,704,238,1.6554,119400,INLAND
-122.32,37.92,29,2304,399,1377,454,5.0187,140600,NEAR BAY
-122.03,37.98,45,2842,567,1261,535,3.6042,138200,NEAR BAY
-122.15,37.73,52,1028,129,317,143,4.9135,275000,NEAR BAY
-119.74,36.73,34,1254,272,1056,279,2.3269,50800,INLAND
-119.83,36.71,43,355,81,233,75,2.4167,73900,INLAND
-119.84,36.8,16,2849,506,1508,478,3.4074,72700,INLAND
-122.23,37.77,52,772,179,409,160,3.3214,189600,NEAR BAY
-122.29,37.87,52,2225,460,1145,430,2.6165,150000,NEAR BAY
-121.97,37.54,28,2312,496,1344,467,4.7135,203200,<1H OCEAN
-122.1,37.97,18,4326,655,1753,646,5.6931,269600,NEAR BAY
-120.76,38.76,21,3509,606,1576,564,2.6392,148500,INLAND
-121.93,37.72,26,2806,459,1453,444,4.9107,213800,<1H OCEAN
-121.56,39.51,47,1064,245,603,190,1.3654,57900,INLAND
-122.31,37.92,12,1895,600,983,519,2.5,195800,NEAR BAY
-120.85,38.69,18,5928,1097,2697,1096,3.4872,141400,INLAND
-122.04,37.66,10,2031,357,867,352,5.3169,299200,NEAR BAY
-122.04,37.88,32,3250,550,1230,557,4.6424,312700,NEAR BAY
-122.36,37.93,42,1796,389,1107,372,1.9375,87000,NEAR BAY
-119.81,36.85,17,2340,370,1174,396,4.2304,94400,INLAND
-119.73,36.73,7,2461,647,1587,551,1.4007,225000,INLAND
-122.12,37.68,35,1958,484,1146,448,2.95,148900,NEAR BAY
-122.05,37.61,16,1642,346,705,351,2.8971,163900,NEAR BAY
-122.1,37.66,36,1305,225,768,234,4.275,185300,NEAR BAY
-122.22,37.79,37,2343,574,1608,523,2.1494,132500,NEAR BAY
-122.2,37.88,36,1065,160,398,155,7.7736,378100,NEAR BAY
-122.01,37.92,16,2638,345,1055,334,8.1163,365800,NEAR BAY
-122.22,37.77,52,1137,301,866,259,2.59,96400,NEAR BAY
-122.29,37.81,26,768,152,392,127,1.7719,82500,NEAR BAY
-122.26,37.84,52,950,202,467,198,3.9643,188800,NEAR BAY
-121.47,39.49,17,1554,242,553,230,3.2174,91800,INLAND
-122.18,37.72,45,1498,313,1003,305,3.8047,156700,NEAR BAY
-122.34,37.98,33,2014,410,1354,427,3.9773,131300,NEAR BAY
-119.58,36.77,19,3225,548,1760,542,4.0227,126500,INLAND
-119.77,36.77,38,3065,658,1441,625,2.0564,64700,INLAND
-122.04,37.97,21,6445,1839,3621,1735,2.5841,112500,NEAR BAY
-119.83,36.72,28,60,10,46,13,4.35,67500,INLAND
-122.29,37.88,50,1211,261,523,227,3.8672,216700,NEAR BAY
-122.36,38.03,32,2159,393,981,369,4.3173,175400,NEAR BAY
-122.07,37.63,27,2784,723,2028,693,2.4808,157600,NEAR BAY
-122.15,37.72,47,1190,251,540,266,3.375,198300,NEAR BAY
-124.3,41.8,19,2672,552,1298,478,1.9797,85800,NEAR OCEAN
-120.97,38.65,9,3707,602,1601,555,4.0714,300600,INLAND
-120.04,38.86,16,2708,481,712,261,3.7891,117700,INLAND
-121.76,37.68,35,1864,357,1189,349,4.2361,177500,INLAND
-122.27,37.89,52,1978,293,723,272,5.3989,335600,NEAR BAY
-122.36,37.93,17,1258,254,885,229,3.05,121600,NEAR BAY
-122.06,37.68,30,5367,1207,2667,1047,3.1796,170300,NEAR BAY
-122.27,37.8,52,249,78,396,85,1.2434,500001,NEAR BAY
-122.19,37.73,45,1528,291,801,287,1.2625,84700,NEAR BAY
-122.22,37.8,52,2721,541,1185,515,4.5428,239800,NEAR BAY
-122.23,37.78,52,986,258,1008,255,1.4844,119400,NEAR BAY
-119.95,36.8,30,1233,214,620,199,3.4297,112500,INLAND
-122.1,37.66,37,901,191,599,206,3.7303,149700,NEAR BAY
-122.11,37.66,35,2843,652,1726,643,3.09,174100,NEAR BAY
-122.26,37.83,52,1656,420,718,382,2.6768,182300,NEAR BAY
-122.19,37.76,45,995,238,630,237,1.925,74100,NEAR BAY
-122.32,37.97,33,1595,292,991,300,4.6937,134100,NEAR BAY
-121.99,37.97,28,2839,428,1372,443,6.2135,217200,INLAND
-121.71,39.41,22,1814,342,941,323,2.1728,59400,INLAND
-122.11,37.88,37,4005,614,1602,606,6.4666,348200,NEAR BAY
-122.08,37.69,42,1414,274,629,244,3.3478,184900,NEAR BAY
-119.34,36.62,26,1922,339,1148,332,2.6058,92200,INLAND
-120.91,38.11,9,3585,680,1800,598,3.636,133100,INLAND
-122.02,37.6,31,2155,522,1858,437,2.652,159800,NEAR BAY
-122.2,37.9,36,2107,287,740,280,10.3416,500001,NEAR BAY
-119.86,36.43,34,1175,251,683,261,1.7176,58400,INLAND
-121.97,37.79,17,5688,824,2111,773,6.6131,312500,<1H OCEAN
-122.18,37.7,36,2639,533,1209,519,4.0268,205500,NEAR BAY
-119.82,36.8,33,1670,256,528,250,2.9471,99500,INLAND
-122.25,37.89,41,1125,195,356,181,6.1593,344000,NEAR BAY
-119.73,36.74,14,6202,1551,5561,1435,1.6073,64700,INLAND
-122.05,37.54,25,4209,731,2568,703,5.2882,223100,NEAR BAY
-122.04,37.96,16,2913,723,1705,693,2.9097,106300,NEAR BAY
-121.88,38.0,16,2605,440,1352,408,4.1947,140300,INLAND
-120.55,36.97,42,1766,344,1084,323,2.3295,74400,INLAND
-124.15,41.81,17,3276,628,3546,585,2.2868,103100,NEAR OCEAN
-121.83,39.76,12,9831,1921,4644,1775,3.1142,112600,INLAND
-121.83,37.99,16,2919,462,1456,453,5.6779,164700,INLAND
-120.98,38.66,9,2073,404,916,373,3.225,163300,INLAND
-122.08,37.63,34,1619,293,1148,310,4.0326,164700,NEAR BAY
-119.98,38.92,27,2682,606,1010,399,3.15,86900,INLAND
-122.23,37.8,52,2033,486,787,459,3.1603,269500,NEAR BAY
-122.14,37.68,27,3337,613,1489,607,3.6364,219200,NEAR BAY
-119.77,36.91,3,7520,1143,2878,1077,5.3272,174200,INLAND
-119.32,36.62,15,1070,256,1070,243,1.5642,51500,INLAND
-122.19,37.77,42,932,254,900,263,1.8039,92300,NEAR BAY
-119.75,36.76,32,2072,497,2002,470,1.3278,44500,INLAND
-119.85,36.8,14,4177,914,2300,867,2.9565,73000,INLAND
-121.79,38.0,34,3090,593,1588,566,3.6118,124700,INLAND
-120.91,38.62,12,4545,748,2033,718,4.1843,207600,INLAND
-121.98,37.53,26,3179,703,2142,639,4.1947,222700,<1H OCEAN
-122.08,37.87,26,2405,564,680,531,2.4896,73400,NEAR BAY
-122.08,37.92,28,2377,469,1068,435,4.4561,250000,NEAR BAY
-119.55,36.6,18,2379,448,1638,436,2.309,57100,INLAND
-120.55,38.12,10,1566,325,785,291,2.5,116100,INLAND
-119.58,36.69,42,1032,215,812,225,1.9766,58100,INLAND
-122.24,37.8,49,2838,749,1487,677,2.5238,169300,NEAR BAY
-121.8,38.0,34,2738,475,1316,459,3.5368,122500,INLAND
-122.27,37.9,42,1650,274,645,256,5.6228,375400,NEAR BAY
-122.27,37.82,21,896,453,735,438,0.9218,171900,NEAR BAY
-122.26,38.0,6,678,104,318,91,5.2375,246400,NEAR BAY
-122.28,37.8,52,215,87,904,88,0.8668,137500,NEAR BAY
-122.24,37.77,52,1711,386,885,373,3.6417,206300,NEAR BAY
-122.02,37.96,25,2615,368,935,366,6.6727,305100,NEAR BAY
-122.09,37.65,27,2630,722,1414,634,2.8203,195200,NEAR BAY
-120.6,38.76,22,1236,273,615,248,3.0217,106900,INLAND
-122.08,37.68,15,3051,685,1479,668,3.5295,242200,NEAR BAY
-119.89,36.7,32,1485,269,867,271,2.5809,78300,INLAND
-119.41,36.68,18,1802,332,945,292,3.4044,115300,INLAND
-122.27,37.82,43,1007,312,558,253,1.7348,137500,NEAR BAY
-120.67,37.97,9,7450,1475,2233,930,2.6528,133000,INLAND
-122.14,37.67,34,3036,533,1366,500,4.2386,192300,NEAR BAY
-122.21,37.77,52,745,153,473,149,2.6765,88800,NEAR BAY
-122.07,37.96,34,1692,290,836,289,5.0172,197100,NEAR BAY
-121.86,39.75,18,1651,309,856,293,3.5046,118300,INLAND
-122.01,37.57,14,16199,2993,8117,2847,5.8322,281800,NEAR BAY
-122.18,37.73,44,548,119,435,136,2.1111,79700,NEAR BAY
-122.1,37.69,44,2341,500,1256,485,2.9507,157100,NEAR BAY
-119.69,36.79,5,2613,476,1490,481,4.0993,83000,INLAND
-122.14,38.01,50,1760,341,741,316,4.5,178300,NEAR BAY
-119.69,36.82,15,3303,512,1687,505,4.81,93600,INLAND
-122.16,37.75,35,667,140,406,133,3.8047,94300,NEAR BAY
-122.34,37.97,19,2237,580,1438,551,2.3382,120700,NEAR BAY
-119.69,36.83,8,943,189,475,155,4.9327,89500,INLAND
-122.11,37.64,31,1487,280,854,301,5.2312,197600,NEAR BAY
-121.78,37.67,26,2211,344,1024,321,5.2649,199800,INLAND
-121.84,39.76,14,2351,620,1215,548,2.3155,102300,INLAND
-122.15,37.75,40,1445,256,849,255,3.8913,126300,NEAR BAY
-121.57,39.74,17,1619,292,705,285,2.4623,126100,INLAND
-119.49,36.58,21,2106,410,867,380,1.9913,95300,INLAND
-120.06,39.01,19,2967,528,112,48,4.0714,437500,INLAND
-121.77,37.67,20,8068,1217,3489,1259,5.7907,264200,INLAND
-119.78,36.85,12,782,166,292,164,2.8274,79500,INLAND
-122.17,37.75,43,1587,320,907,306,1.9821,98300,NEAR BAY
-122.12,37.75,28,794,111,329,109,7.6923,329800,NEAR BAY
-122.07,37.97,20,1705,353,856,341,3.7262,211800,NEAR BAY
-121.96,37.52,26,4211,741,2352,734,5.2396,223900,<1H OCEAN
-121.95,37.55,21,10687,1540,4552,1520,6.6478,333400,<1H OCEAN
-122.19,37.76,26,1293,297,984,303,1.9479,85800,NEAR BAY
-119.46,36.6,18,1404,226,754,229,3.9844,118100,INLAND
-122.29,37.86,52,1665,404,815,372,1.9946,156900,NEAR BAY
-122.15,37.67,35,2472,398,1171,390,5.5797,198100,NEAR BAY
-119.74,36.8,18,10862,2401,5466,2209,2.4678,74300,INLAND
-119.71,36.73,19,3972,585,1586,560,5.2608,151400,INLAND
-122.02,37.56,23,4332,857,2461,829,4.3594,223400,NEAR BAY
-120.02,38.76,15,3142,618,725,285,4.3333,121400,INLAND
-121.79,38.01,17,4032,814,1749,618,3.1728,146800,INLAND
-121.02,38.66,4,7392,1155,3096,1065,4.5246,198900,INLAND
-122.09,37.89,35,880,139,352,132,6.8686,406500,NEAR BAY
-122.22,37.79,46,2366,575,1647,527,2.6042,124700,NEAR BAY
-122.29,37.89,52,2178,421,940,423,5.0551,232200,NEAR BAY
-122.26,37.84,52,696,191,345,174,2.6736,191300,NEAR BAY
-122.07,37.91,28,1731,295,810,295,5.0391,259800,NEAR BAY
-121.8,39.75,11,7212,1355,3264,1264,3.1125,122600,INLAND
-121.96,37.95,7,3418,740,1583,676,3.6133,196100,INLAND
-123.92,41.54,22,2920,636,1382,499,2.0202,71100,NEAR OCEAN
-119.68,36.81,16,2668,454,1536,457,3.9792,88900,INLAND
-122.17,37.76,33,1280,307,999,286,2.5625,89300,NEAR BAY
-121.82,37.73,47,127,23,51,21,4.3472,375000,INLAND
-122.27,37.88,37,2619,682,1152,616,2.52,277800,NEAR BAY
-121.97,37.8,17,3279,418,1222,381,7.9168,356000,<1H OCEAN
-119.64,36.82,14,4872,656,2085,617,5.6739,173800,INLAND
-122.12,38.01,50,1300,263,691,239,3.9519,126500,NEAR BAY
-119.53,36.78,20,2822,479,1372,455,4.5625,136900,INLAND
-121.61,37.77,32,404,74,144,58,4.2083,125000,INLAND
-122.02,37.88,16,3031,438,1087,421,7.3732,287300,NEAR BAY
-119.78,36.8,34,2200,493,1243,431,1.8514,66500,INLAND
-121.7,37.93,10,3258,612,1779,558,4.6587,152500,INLAND
-122.35,37.96,32,1991,504,1139,423,2.0353,113600,NEAR BAY
-122.1,37.66,33,1954,464,1293,448,3.0489,152600,NEAR BAY
-122.13,37.74,41,4400,666,1476,648,5.0,248900,NEAR BAY
-119.74,36.73,42,1236,272,946,261,2.0536,50000,INLAND
-122.15,37.74,49,1325,277,764,282,3.3125,118000,NEAR BAY
-122.18,37.77,51,2107,471,1173,438,3.2552,120100,NEAR BAY
-122.17,37.72,43,3783,814,2139,789,4.0202,166300,NEAR BAY
-121.87,37.66,52,775,134,315,123,5.0677,233300,INLAND
-122.23,37.82,52,1611,203,556,179,8.7477,500001,NEAR BAY
-124.22,41.73,28,3003,699,1530,653,1.7038,78300,NEAR OCEAN
-119.82,36.75,41,1022,209,741,213,2.0781,48800,INLAND
-122.11,37.7,23,1689,461,828,443,2.1552,161400,NEAR BAY
-119.77,36.75,39,1287,332,1386,306,1.5227,46900,INLAND
-122.01,37.92,18,2808,337,1038,337,8.3956,353600,NEAR BAY
-122.3,37.93,34,2254,357,715,306,4.5,304000,NEAR BAY
-122.18,37.75,36,1047,214,651,166,1.712,82100,NEAR BAY
-122.2,37.78,39,1752,399,1071,376,3.1167,121600,NEAR BAY
-121.78,37.68,17,3112,872,1392,680,3.0222,172500,INLAND
-122.06,37.63,23,1939,356,841,364,3.3611,169200,NEAR BAY
-122.25,37.8,43,2344,647,1710,644,1.6504,151800,NEAR BAY
-122.34,37.95,44,1675,317,806,311,3.0694,135300,NEAR BAY
-121.95,37.74,19,5721,837,2653,813,6.2631,266000,<1H OCEAN
-120.01,38.92,25,1758,357,689,278,2.675,104200,INLAND
-122.07,37.63,24,2329,465,1401,453,4.5913,177600,NEAR BAY
-119.81,36.71,25,1026,221,789,183,1.5625,52800,INLAND
-122.08,37.97,9,2643,439,1105,467,6.6579,245200,NEAR BAY
-121.8,39.75,28,2551,378,1011,374,4.3309,125200,INLAND
-122.14,37.68,31,3184,716,1561,628,2.7955,183100,NEAR BAY
-121.93,37.76,5,2255,269,876,258,10.3345,461400,<1H OCEAN
-122.01,37.95,8,3866,539,1555,513,6.0901,298200,NEAR BAY
-119.77,36.77,29,2554,705,2669,655,1.2176,61900,INLAND
-122.28,37.99,28,3801,622,1654,571,4.375,193300,NEAR BAY
-122.23,37.78,43,1420,472,1506,438,1.9338,112500,NEAR BAY
-122.12,37.81,26,4048,513,1486,498,7.6717,416500,NEAR BAY
-122.18,37.74,35,504,126,323,109,1.8438,90500,NEAR BAY
-121.81,37.99,22,2331,359,1086,340,5.1435,150800,INLAND
-122.18,37.8,23,2317,336,955,328,6.7527,285800,NEAR BAY
-119.78,36.86,10,2902,363,1200,363,8.3608,187300,INLAND
-119.81,36.79,39,2471,460,1118,431,2.4167,71900,INLAND
-122.12,37.99,33,1660,277,741,261,4.675,225400,NEAR BAY
-121.98,37.54,17,5133,1375,3386,1339,3.1326,220800,<1H OCEAN
-121.85,39.74,41,2901,689,1426,632,1.5633,84500,INLAND
-120.41,38.33,17,1463,338,529,226,3.024,100900,INLAND
-121.94,37.56,15,5674,748,2412,714,8.3996,442900,<1H OCEAN
-122.02,37.55,33,1325,274,909,267,4.5687,177200,NEAR BAY
-121.9,39.59,20,1465,278,745,250,3.0625,93800,INLAND
-122.16,37.75,24,1790,454,1137,386,2.537,107900,NEAR BAY
-119.63,36.76,22,4126,614,1795,613,4.925,154700,INLAND
-119.8,36.77,52,2964,512,1114,486,3.8105,87600,INLAND
-121.96,39.3,39,701,130,271,89,2.1845,112500,INLAND
-122.02,37.92,26,5077,640,1872,636,7.4713,351200,NEAR BAY
-122.09,37.6,36,385,94,295,92,2.9706,147900,NEAR BAY
-122.27,37.85,52,1974,426,875,363,1.5817,153600,NEAR BAY
-119.71,36.81,19,2282,550,1034,500,1.6618,69700,INLAND
-122.03,37.96,20,2636,691,1142,627,2.1083,162500,NEAR BAY
-119.71,36.74,18,8099,1670,4476,1514,2.4728,88300,INLAND
-122.15,37.7,36,1464,244,672,261,3.5547,194700,NEAR BAY
-122.28,37.82,52,945,243,576,220,1.4113,83100,NEAR BAY
-122.35,37.94,34,1880,459,1358,422,1.6571,105200,NEAR BAY
-122.17,37.74,46,1026,226,749,225,3.0298,107600,NEAR BAY
-120.02,36.8,25,1270,255,1050,245,2.1618,55300,INLAND
-119.84,36.75,34,1186,300,774,271,1.575,57100,INLAND
-122.1,37.71,27,6740,1073,2723,1035,5.2131,252500,NEAR BAY
-122.36,37.94,43,369,107,371,111,1.6,79400,NEAR BAY
-120.8,38.31,37,1341,256,533,242,3.2135,123600,INLAND
-120.83,38.74,17,3685,775,1714,734,2.2269,128300,INLAND
-122.34,37.93,32,2389,652,1672,584,1.4423,88300,NEAR BAY
-119.85,36.77,9,1142,314,620,283,2.0446,81300,INLAND
-120.95,38.79,12,3247,579,1459,517,4.3981,202800,INLAND
-121.9,37.66,18,7397,1137,3126,1115,6.4994,323000,INLAND
-122.29,37.86,50,2485,607,1354,563,1.9483,150500,NEAR BAY
-122.12,37.88,35,2785,362,1001,363,8.0448,433300,NEAR BAY
-121.88,38.01,9,5329,1284,2827,1202,2.7374,150000,INLAND
-122.19,37.8,48,1694,259,610,238,4.744,257300,NEAR BAY
-122.13,37.7,19,3516,710,1810,703,3.9032,218000,NEAR BAY
-119.83,36.78,35,1789,357,933,357,2.5223,66200,INLAND
-122.35,37.97,43,2178,482,1545,471,2.5863,112200,NEAR BAY
-122.19,37.79,50,954,217,546,201,2.6667,172800,NEAR BAY
-121.95,37.94,21,3153,411,1318,431,6.8642,285400,INLAND
-121.92,37.48,23,4314,676,1972,623,5.3813,264400,<1H OCEAN
-121.91,38.02,15,2966,558,1687,527,3.4817,129800,INLAND
-119.87,36.81,6,1891,341,969,330,4.6726,107800,INLAND
-121.85,39.75,39,568,127,267,129,1.8095,78100,INLAND
-122.28,37.88,52,1193,200,506,207,4.1912,254500,NEAR BAY
-122.15,37.74,52,1394,223,545,230,3.95,219000,NEAR BAY
-122.35,37.93,39,2002,416,1166,395,1.7257,91500,NEAR BAY
-122.04,37.62,35,1032,173,453,176,6.396,208500,NEAR BAY
-120.96,38.66,11,2339,436,1062,380,3.9036,180800,INLAND
-121.66,39.66,17,3502,655,1763,613,2.9625,101200,INLAND
-119.77,36.84,15,1924,262,848,277,5.3886,125300,INLAND
-122.23,37.82,52,3494,396,1192,383,12.3804,500001,NEAR BAY
-122.14,38.02,44,1625,432,825,385,2.0523,133900,NEAR BAY
-119.71,36.83,15,2727,500,1228,436,3.5078,109000,INLAND
-121.99,37.92,14,1780,224,764,226,9.0243,427700,INLAND
-122.08,37.58,15,2576,418,1657,410,5.5218,254400,NEAR BAY
-122.26,37.88,52,2551,417,894,404,6.2425,391800,NEAR BAY
-122.28,37.85,52,2246,472,1005,449,2.4167,152700,NEAR BAY
-121.87,37.66,39,522,116,161,102,2.4896,238500,INLAND
-119.8,36.75,52,1788,449,1156,418,1.7298,58400,INLAND
-122.19,37.83,28,1326,184,463,190,8.2049,335200,NEAR BAY
-122.36,37.96,39,246,57,316,52,0.716,104200,NEAR BAY
-121.91,39.03,48,1096,218,657,199,2.7841,65800,INLAND
-119.6,36.66,27,1388,296,1056,284,1.6094,55200,INLAND
-122.06,37.95,36,2213,386,950,370,4.7386,186400,NEAR BAY
-119.79,36.82,23,4358,819,1852,802,3.4167,105200,INLAND
-122.24,37.81,52,2026,482,709,456,3.2727,268500,NEAR BAY
-122.01,37.56,6,3028,778,1531,736,4.4259,158000,NEAR BAY
-121.78,37.67,28,1773,278,804,269,4.8571,201100,INLAND
-120.41,36.77,24,1335,312,1180,267,1.947,68900,INLAND
-122.17,37.73,46,2163,470,925,435,3.25,177500,NEAR BAY
-119.61,36.59,10,2842,620,1443,576,2.2727,92700,INLAND
-122.26,37.88,52,2604,837,1798,769,1.725,287500,NEAR BAY
-119.55,36.69,21,1551,423,1519,406,1.7132,55900,INLAND
-122.19,37.77,45,1852,393,1132,349,2.7159,101400,NEAR BAY
-122.23,37.78,44,2340,825,2813,751,1.6009,118100,NEAR BAY
-122.31,37.94,38,1794,349,810,335,3.8343,191400,NEAR BAY
-121.63,38.03,17,2549,596,1169,500,3.6694,209400,INLAND
-122.27,37.77,52,2388,559,1121,518,3.3269,234500,NEAR BAY
-122.07,37.58,16,1606,240,1117,268,6.0661,247000,NEAR BAY
-119.69,36.86,20,1676,263,786,240,4.0,164600,INLAND
-119.54,36.7,20,1815,375,1665,357,2.2448,58900,INLAND
-122.29,37.92,36,1450,235,568,234,6.0,311400,NEAR BAY
-120.04,36.79,48,1341,239,671,208,2.7917,82800,INLAND
-119.45,36.58,18,1425,280,753,266,3.7813,87300,INLAND
-122.28,37.77,52,1468,363,870,347,2.9688,220800,NEAR BAY
-120.3,38.9,11,1961,435,113,53,0.9227,95500,INLAND
-122.01,37.97,32,3012,527,1288,512,3.6449,211500,NEAR BAY
-122.13,37.66,19,862,167,407,183,4.3456,163000,NEAR BAY
-122.23,38.06,52,1350,266,490,257,3.125,171100,NEAR BAY
-122.09,37.69,43,500,110,273,120,3.3125,150000,NEAR BAY
-120.0,38.92,17,1106,207,466,180,3.3295,126600,INLAND
-120.1,36.16,17,598,160,715,146,2.3295,55000,INLAND
-122.14,37.84,24,2131,343,874,373,5.6349,355600,NEAR BAY
-122.01,37.59,2,838,295,240,149,2.875,237500,NEAR BAY
-119.81,36.76,51,2419,486,1284,426,2.2029,54200,INLAND
-122.28,37.87,46,1777,446,805,431,2.8676,212000,NEAR BAY
-122.33,37.97,19,5151,1335,2548,1165,3.3125,158800,NEAR BAY
-122.01,37.53,27,1890,303,889,314,5.7057,287600,NEAR BAY
-122.19,37.79,50,968,195,462,184,2.9844,179900,NEAR BAY
-121.75,37.68,35,1755,299,702,263,5.2443,183400,INLAND
-122.17,37.87,38,1261,177,472,183,6.917,438000,NEAR BAY
-119.98,38.94,25,1339,328,503,219,1.9018,109700,INLAND
-121.81,38.01,52,1124,245,528,226,2.2639,128500,INLAND
-122.07,37.58,16,1644,251,1033,267,6.5116,244300,NEAR BAY
-122.25,37.89,42,2863,460,1031,448,6.7138,368600,NEAR BAY
-122.18,37.73,43,1391,293,855,285,2.5192,76400,NEAR BAY
-122.1,37.67,34,3659,897,2479,903,2.9564,150500,NEAR BAY
-120.55,38.31,18,1411,312,592,230,1.625,94700,INLAND
-122.22,37.77,52,391,128,520,138,1.6471,95000,NEAR BAY
-122.02,37.97,36,2342,436,1191,416,4.0,171000,NEAR BAY
-119.75,36.8,25,2718,504,1257,465,2.3333,90600,INLAND
-119.79,36.76,52,1185,260,635,239,1.175,56100,INLAND
-120.01,38.89,24,1669,422,589,281,3.0089,100800,INLAND
-119.31,36.63,26,1874,416,1834,432,1.6486,55200,INLAND
-119.98,38.96,25,2443,444,868,342,3.5417,114800,INLAND
-122.31,38.0,29,3108,534,1687,516,4.3333,170800,NEAR BAY
-122.26,37.8,20,2373,779,1659,676,1.6929,115000,NEAR BAY
-119.98,38.92,28,1408,312,522,221,2.0708,89600,INLAND
-120.55,38.46,16,1443,249,435,181,3.2031,129200,INLAND
-121.78,37.66,25,1947,418,900,354,3.8523,193000,INLAND
-119.44,36.6,5,2353,608,2505,573,2.2863,69200,INLAND
-119.69,36.43,29,1799,356,1278,387,1.7813,57900,INLAND
-122.03,37.69,20,200,25,83,31,6.5,340000,NEAR BAY
-121.95,37.54,29,3517,645,1724,585,4.6641,248900,<1H OCEAN
-120.81,38.74,29,2259,482,1099,463,2.3314,121600,INLAND
-122.27,37.87,30,1465,439,862,425,1.7778,268800,NEAR BAY
-122.19,37.75,28,856,189,435,162,0.8012,81800,NEAR BAY
-122.18,37.76,52,754,175,447,165,3.9063,93800,NEAR BAY
-122.28,37.8,38,684,176,344,155,2.0114,131300,NEAR BAY
-119.85,36.84,12,2272,304,840,305,8.9669,213900,INLAND
-122.34,37.95,44,1788,368,933,329,2.875,133400,NEAR BAY
-121.84,39.75,29,4362,1053,2053,1000,1.7284,74500,INLAND
-122.1,37.65,25,2538,494,1185,501,4.5417,194400,NEAR BAY
-122.24,37.82,52,1509,225,674,244,4.9306,313400,NEAR BAY
-119.49,37.1,24,2532,555,1564,507,2.3359,92400,INLAND
-122.14,38.03,42,118,34,54,30,2.5795,225000,NEAR BAY
-121.58,39.5,29,1947,383,925,337,2.1658,57600,INLAND
-120.37,36.13,10,2522,533,1335,493,3.2639,86400,INLAND
-121.89,37.69,4,6159,1510,2649,1241,3.62,139300,<1H OCEAN
-119.8,36.79,45,1337,187,471,187,5.187,153800,INLAND
-122.04,37.62,32,1540,324,793,302,3.2857,193200,NEAR BAY
-122.19,37.74,36,847,212,567,159,1.1765,87100,NEAR BAY
-120.81,38.73,42,1276,260,799,259,2.7273,128600,INLAND
-121.8,37.7,22,5533,943,2474,910,4.7361,216800,INLAND
-120.02,38.91,22,2138,493,829,330,2.2056,107200,INLAND
-122.16,37.77,39,1583,349,857,316,3.0958,145800,NEAR BAY
-122.23,37.79,40,930,199,564,184,1.3281,113300,NEAR BAY
-122.28,37.89,52,2315,408,835,369,4.5893,290100,NEAR BAY
-119.73,36.72,15,2246,456,1190,403,2.0294,70400,INLAND
-121.57,39.8,23,790,137,365,152,2.1912,115200,INLAND
-119.86,36.78,7,2232,490,1274,499,2.9853,74700,INLAND
-121.85,38.0,26,3364,570,1806,566,4.2647,133400,INLAND
-121.95,37.94,27,1469,216,578,219,5.9346,253600,INLAND
-122.08,37.65,35,1813,393,1093,374,3.6818,165400,NEAR BAY
-122.16,37.74,47,824,223,533,166,2.625,98200,NEAR BAY
-122.09,37.68,41,1834,463,1105,467,2.8322,170300,NEAR BAY
-122.32,37.96,25,1728,403,934,412,3.375,133700,NEAR BAY
-122.26,37.88,52,2255,410,823,377,5.7979,415300,NEAR BAY
-119.86,36.8,18,2536,516,1196,466,2.5595,67900,INLAND
-122.27,37.73,31,5785,1379,2973,1312,3.2689,231000,NEAR BAY
-119.65,36.62,6,1931,422,1344,414,1.6607,58000,INLAND
-121.98,37.58,20,4126,1031,2079,975,3.6832,216900,<1H OCEAN
-122.24,37.79,52,674,180,647,168,3.375,116100,NEAR BAY
-119.83,36.82,14,1087,165,365,176,7.2909,155600,INLAND
-122.29,37.89,52,3171,698,1498,696,3.1795,218200,NEAR BAY
-122.28,37.83,52,3108,813,1623,765,2.6997,126900,NEAR BAY
-119.5,36.62,34,1440,267,1018,265,2.2206,63400,INLAND
-119.69,36.85,20,2655,432,1081,379,4.5398,143100,INLAND
-121.96,37.76,8,3865,463,1548,432,9.7037,425100,<1H OCEAN
-122.18,37.77,27,909,236,396,157,2.0786,97500,NEAR BAY
-122.25,37.84,52,3549,707,1551,714,3.6912,261100,NEAR BAY
-119.53,36.61,33,587,170,730,162,1.5625,55800,INLAND
-121.94,37.94,26,1299,174,533,180,6.2296,291700,INLAND
-119.67,36.81,4,1262,216,622,199,4.9432,114400,INLAND
-119.54,36.51,36,49,7,28,2,4.625,162500,INLAND
-122.23,37.81,52,2315,292,861,258,8.8793,410300,NEAR BAY
-122.18,37.73,42,909,215,646,198,2.9063,80000,NEAR BAY
-119.46,36.91,12,2980,495,1184,429,3.9141,123900,INLAND
-121.92,37.73,24,1407,327,501,295,2.4821,157200,<1H OCEAN
-121.07,38.66,22,1831,274,813,269,4.6394,173400,INLAND
-121.6,39.75,19,2888,591,984,499,1.9766,92600,INLAND
-122.24,37.82,52,3665,517,1470,520,6.155,398600,NEAR BAY
-122.1,37.72,30,2599,366,922,350,5.8382,330200,NEAR BAY
-119.54,36.52,16,2703,415,1106,372,4.2045,120900,INLAND
-122.21,37.8,48,1321,263,506,252,4.0977,229700,NEAR BAY
-120.09,36.19,12,1923,559,2809,535,1.4191,55100,INLAND
-122.27,37.91,47,1930,315,692,296,6.3669,315500,NEAR BAY
-122.01,37.83,30,3917,549,1330,544,6.5617,386600,NEAR BAY
-122.17,37.74,46,769,183,693,178,2.25,84200,NEAR BAY
-120.54,38.41,21,1435,294,668,267,2.5667,77400,INLAND
-119.73,36.56,32,1513,272,1038,272,3.0469,82700,INLAND
-122.04,37.53,34,2316,478,1524,467,3.7364,190400,NEAR BAY
-122.21,37.83,40,4991,674,1616,654,7.5544,411500,NEAR BAY
-121.98,37.97,26,2714,390,1232,409,5.9617,231100,INLAND
-122.07,37.7,39,1420,272,645,277,4.125,232500,NEAR BAY
-122.34,37.93,45,2225,486,1304,459,2.64,112100,NEAR BAY
-122.07,37.89,38,2139,343,809,340,5.5636,268800,NEAR BAY
-120.55,38.07,27,1199,224,463,199,2.9063,92200,INLAND
-122.05,37.55,23,4247,835,2357,823,5.1321,211300,NEAR BAY
-122.22,37.8,52,2286,464,1073,441,3.0298,199600,NEAR BAY
-122.35,37.96,29,1899,524,1357,443,1.875,97200,NEAR BAY
-121.94,37.8,8,11336,1657,4089,1555,7.8287,369200,<1H OCEAN
-121.75,39.4,29,1687,327,864,334,2.4943,81900,INLAND
-122.25,37.84,52,3104,687,1157,647,3.12,241400,NEAR BAY
-122.0,37.84,16,7681,946,2777,908,9.5271,500001,<1H OCEAN
-122.3,37.84,14,7355,2408,3100,2051,4.0018,143800,NEAR BAY
-119.74,36.71,17,5872,1250,5034,1224,2.1905,61800,INLAND
-122.13,37.7,21,4124,1054,2162,998,2.6321,223100,NEAR BAY
-119.82,36.72,17,1276,242,927,238,2.6176,54100,INLAND
-122.2,37.79,44,1621,452,1354,491,2.619,134700,NEAR BAY
-119.24,36.8,17,2052,405,975,340,2.6902,94400,INLAND
-121.88,37.99,16,3787,515,1606,507,5.5676,174200,INLAND
-121.79,37.99,10,4156,609,1878,586,5.6506,178600,INLAND
-122.3,37.97,35,1811,377,911,340,3.375,149700,NEAR BAY
-122.27,37.82,40,946,375,700,352,1.775,112500,NEAR BAY
-121.96,37.94,26,3084,505,1557,501,5.1582,194700,INLAND
-120.1,38.91,33,1561,282,30,11,1.875,500001,INLAND
-122.16,37.75,40,1227,294,928,261,1.8235,95200,NEAR BAY
-122.18,37.7,35,2562,554,1398,525,3.3906,178900,NEAR BAY
-119.83,36.54,31,1732,332,979,294,2.5208,60000,INLAND
-119.56,36.71,37,1609,374,1173,344,2.181,59900,INLAND
-122.2,37.79,29,1640,376,939,340,2.8321,150000,NEAR BAY
-121.58,39.76,19,2487,485,1110,453,3.1061,110200,INLAND
-120.59,38.76,21,1728,417,731,334,1.7266,94700,INLAND
-122.25,37.82,28,3337,855,1520,802,3.9063,225000,NEAR BAY
-121.94,37.95,18,2541,355,986,346,7.1978,288000,INLAND
-121.96,37.95,25,4026,791,1850,709,4.1483,181200,INLAND
-122.2,37.8,46,2041,405,1059,399,3.8487,203300,NEAR BAY
-122.32,38.01,26,3054,492,1495,496,4.6944,171100,NEAR BAY
-121.82,38.01,25,3018,606,1614,568,3.4722,127000,INLAND
-121.65,39.53,23,1387,325,640,289,1.4833,65200,INLAND
-119.8,36.7,28,1592,304,962,282,1.3304,51300,INLAND
-121.87,38.02,31,3644,746,2229,678,3.1389,117800,INLAND
-119.85,36.83,15,2563,335,1080,356,6.7181,160300,INLAND
-120.02,38.86,19,2429,459,883,300,3.017,97600,INLAND
-121.86,39.78,12,7653,1578,3628,1494,3.0905,117800,INLAND
-122.22,37.77,40,494,114,547,135,2.8015,114800,NEAR BAY
-119.28,37.11,34,1901,394,171,73,3.0729,144600,INLAND
-121.56,39.52,26,1957,429,945,397,1.7308,53600,INLAND
-122.28,37.86,41,2214,550,1213,568,2.2845,153100,NEAR BAY
-122.08,37.68,26,1167,370,253,137,2.4196,275000,NEAR BAY
-119.77,36.78,36,3616,779,1994,786,2.5434,67300,INLAND
-122.19,37.74,43,707,147,417,155,2.5139,83400,NEAR BAY
-119.77,36.83,19,3237,507,1378,510,4.7804,101100,INLAND
-119.72,36.8,23,2128,442,1047,450,2.625,71500,INLAND
-121.39,39.39,52,189,34,121,37,3.0208,60000,INLAND
-119.63,36.64,33,1036,181,620,174,3.4107,110400,INLAND
-122.13,37.67,38,2012,347,880,332,3.1734,181600,NEAR BAY
-121.94,37.54,27,3715,526,1631,538,6.2179,305300,<1H OCEAN
-122.17,37.71,38,890,200,481,198,3.244,179800,NEAR BAY
-122.04,37.65,10,8299,1326,3827,1288,6.2579,315500,NEAR BAY
-121.88,37.67,16,4070,624,1543,577,6.5214,311500,INLAND
-120.08,36.34,18,1524,414,2030,356,2.1153,112500,INLAND
-122.32,37.97,33,1156,190,643,209,4.5,156600,NEAR BAY
-122.05,37.95,34,1408,277,738,269,4.175,169400,NEAR BAY
-122.03,37.62,35,1298,236,632,204,3.8929,209500,NEAR BAY
-119.87,36.79,7,1932,419,1014,389,3.0938,76700,INLAND
-120.78,38.72,19,4414,767,1865,699,3.6406,150900,INLAND
-122.25,37.84,52,2535,489,1094,514,3.6591,299200,NEAR BAY
-122.3,37.86,50,499,127,287,128,2.75,140600,NEAR BAY
-119.56,36.71,29,1963,392,1208,398,2.5741,73000,INLAND
-122.06,37.58,15,8112,1376,4576,1348,5.6758,253400,NEAR BAY
-122.09,38.0,6,10191,1882,4377,1789,5.2015,204200,NEAR BAY
-122.29,37.94,20,7578,1426,3637,1362,4.4387,190000,NEAR BAY
-119.89,36.79,5,3821,705,2179,694,3.7821,80400,INLAND
-122.12,37.89,30,3227,733,1260,684,4.125,257100,NEAR BAY
-122.36,37.96,31,1157,276,956,232,1.5347,80400,NEAR BAY
-122.21,37.84,34,3038,490,1140,496,7.0548,325900,NEAR BAY
-119.95,38.94,24,2180,517,755,223,2.5875,173400,INLAND
-122.18,37.78,33,142,31,575,47,3.875,225000,NEAR BAY
-121.93,37.93,16,2876,391,1089,377,6.299,286900,INLAND
-119.8,36.78,50,1818,374,737,338,2.2614,73000,INLAND
-121.56,39.69,8,2836,522,1163,512,3.13,168300,INLAND
-120.38,36.76,12,932,244,1043,243,1.4038,54300,INLAND
-122.22,37.78,50,1776,473,1807,440,1.7276,102300,NEAR BAY
-121.09,38.68,15,5218,711,1949,659,4.7083,213300,INLAND
-122.25,37.86,52,1709,318,719,295,5.0463,456300,NEAR BAY
-121.99,37.98,23,2293,411,969,399,4.4536,184000,INLAND
-119.77,36.79,27,2258,427,1076,423,2.9937,81100,INLAND
-122.04,37.58,14,14917,2708,8012,2606,5.6277,269800,NEAR BAY
-122.35,37.94,45,2112,493,1406,452,2.3456,105200,NEAR BAY
-120.72,38.38,9,1787,347,806,306,2.525,157200,INLAND
-122.06,37.99,17,1319,316,384,269,1.8229,137500,NEAR BAY
-119.75,36.87,3,13802,2244,5226,1972,5.0941,143700,INLAND
-122.24,38.01,11,3751,565,1949,555,5.7862,269400,NEAR BAY
-122.29,37.87,50,1829,536,1129,516,2.6684,185600,NEAR BAY
-123.83,41.88,18,1504,357,660,258,3.13,116700,<1H OCEAN
-121.54,39.47,14,1724,315,939,302,2.4952,53900,INLAND
-119.82,36.78,36,1582,313,761,318,2.6055,69200,INLAND
-122.0,37.82,20,2206,458,926,432,4.6042,256400,<1H OCEAN
-122.32,37.92,22,1119,220,565,199,3.3594,186900,NEAR BAY
-119.44,36.61,17,1531,280,775,246,3.9073,91600,INLAND
-122.3,37.89,36,1077,293,518,276,3.0208,206300,NEAR BAY
-122.15,37.72,31,1616,372,739,379,2.9097,210900,NEAR BAY
-120.06,36.72,32,981,237,736,249,1.8,60400,INLAND
-122.01,37.99,28,1900,401,918,351,3.7841,144900,NEAR BAY
-122.27,37.98,23,3455,479,1375,474,6.0289,218600,NEAR BAY
-119.67,36.89,15,2373,364,1280,386,5.308,167500,INLAND
-122.34,37.95,38,1340,298,766,241,3.2833,111700,NEAR BAY
-119.81,36.76,48,2059,388,834,405,2.9306,67900,INLAND
-122.03,37.91,29,5438,871,2310,890,5.0362,275300,NEAR BAY
-119.87,36.79,8,2875,548,1718,551,3.6522,80200,INLAND
-122.33,37.98,32,1967,348,1144,364,4.4135,150100,NEAR BAY
-122.13,37.68,45,2457,445,1129,422,4.0588,182800,NEAR BAY
-119.56,36.7,40,1195,326,1135,315,2.1182,58900,INLAND
-122.25,37.8,52,2087,510,1197,488,3.0149,218400,NEAR BAY
-120.08,38.8,34,1988,511,36,15,4.625,162500,INLAND
-122.13,38.0,33,2821,652,1206,640,2.5481,150800,NEAR BAY
-122.04,37.89,33,2423,322,998,346,7.5349,349100,NEAR BAY
-121.53,39.49,19,1537,329,617,274,1.5313,50300,INLAND
-122.27,37.86,49,2052,435,924,414,2.5417,182700,NEAR BAY
-122.07,37.64,25,4524,860,2426,862,4.7083,190900,NEAR BAY
-119.82,36.84,9,2340,544,860,520,3.3229,119300,INLAND
-119.77,36.78,40,1411,284,609,296,1.9375,67700,INLAND
-122.25,37.86,52,1587,444,878,449,1.7652,336800,NEAR BAY
-122.03,37.62,32,2964,547,1472,527,4.2468,221200,NEAR BAY
-122.05,37.9,32,4498,862,1818,851,4.8088,321200,NEAR BAY
-122.05,37.92,14,12713,2558,4741,2412,4.7094,234700,NEAR BAY
-122.21,37.84,44,3424,597,1358,597,6.0194,292300,NEAR BAY
-121.92,37.72,22,4638,716,2302,687,5.347,219500,<1H OCEAN
-122.12,37.85,18,5252,686,1870,657,8.0074,454100,NEAR BAY
-122.13,38.01,48,2123,494,859,474,1.8523,144800,NEAR BAY
-120.04,36.74,14,3182,730,2298,721,1.6168,71800,INLAND
-121.69,39.36,29,2220,471,1170,428,2.3224,56200,INLAND
-120.57,38.35,17,1504,358,661,250,2.2604,84800,INLAND
-122.03,37.92,23,3318,408,1124,393,6.5847,358800,NEAR BAY
-119.71,36.8,17,2056,366,1259,367,3.9338,84700,INLAND
-120.72,38.57,8,892,185,427,164,2.6833,118800,INLAND
-122.03,37.59,16,4371,889,2530,817,4.6786,256000,NEAR BAY
-119.95,38.95,21,2046,580,952,353,1.7245,92200,INLAND
-122.05,37.96,35,2190,384,1154,401,3.8456,159800,NEAR BAY
-121.62,39.75,20,1173,261,523,258,1.0625,92800,INLAND
-119.89,36.76,17,1987,335,1152,313,4.1719,126400,INLAND
-122.24,37.76,52,2504,516,979,472,3.4762,244000,NEAR BAY
-122.25,37.85,52,919,213,413,193,4.0368,269700,NEAR BAY
-122.19,37.75,19,2207,565,1481,520,1.3194,81400,NEAR BAY
-120.72,38.42,17,5654,1085,2237,953,3.0465,144100,INLAND
-119.81,36.6,24,2246,462,1291,394,2.4006,76400,INLAND
-122.28,37.85,48,2063,484,1054,466,2.2625,132900,NEAR BAY
-119.86,36.81,4,4530,1070,1804,837,3.3942,72100,INLAND
-119.75,36.8,30,3308,662,1894,648,2.197,74500,INLAND
-122.08,37.84,17,1320,159,1722,141,11.7064,500001,NEAR BAY
-121.0,38.58,12,3425,549,1357,451,5.3344,217500,INLAND
-121.74,37.95,5,4980,774,2399,763,5.7104,186300,INLAND
-122.33,37.95,45,1585,329,981,373,3.0313,135800,NEAR BAY
-122.01,37.56,24,2563,485,1174,501,3.8179,216100,NEAR BAY
-119.57,36.72,11,2510,460,1248,445,3.6161,99500,INLAND
-121.47,39.51,19,3720,636,1304,607,2.6921,97500,INLAND
-121.94,37.83,11,2836,373,959,335,10.5815,500001,INLAND
-122.23,37.76,52,1316,177,378,162,5.2915,333000,NEAR BAY
-122.34,37.94,42,2206,451,989,444,3.125,143900,NEAR BAY
-122.22,37.78,44,2968,710,2269,610,2.3906,111700,NEAR BAY
-120.08,36.79,38,1446,285,928,255,2.9808,89600,INLAND
-119.8,36.82,24,5377,1005,2010,982,3.4542,121200,INLAND
-122.27,37.83,48,1798,432,987,374,1.0972,104500,NEAR BAY
-122.07,37.69,29,2304,618,1021,552,2.5362,203800,NEAR BAY
-122.16,37.74,43,1534,300,826,295,4.0417,109400,NEAR BAY
-122.12,37.68,45,2179,401,1159,399,3.4839,180600,NEAR BAY
-122.16,37.68,16,1687,348,568,352,2.3869,83300,NEAR BAY
-119.44,36.59,28,1343,330,1331,305,1.516,56700,INLAND
-121.04,38.81,11,3522,623,1456,544,3.93,163400,INLAND
-122.29,37.81,46,935,297,582,277,0.7286,95200,NEAR BAY
-121.85,37.72,43,228,40,83,42,10.3203,400000,INLAND
-121.89,38.01,30,4114,743,1994,722,4.2227,134400,INLAND
-119.8,36.86,7,6434,1201,2733,1045,3.7656,145000,INLAND
-119.74,36.85,3,10425,2121,4432,1778,3.9032,140800,INLAND
-122.17,37.75,44,1218,248,763,254,2.3281,88800,NEAR BAY
-121.76,37.68,32,1078,207,555,197,3.1856,186900,INLAND
-122.08,37.64,36,786,133,463,160,3.9338,182700,NEAR BAY
-121.54,39.33,27,720,150,359,138,2.5313,61300,INLAND
-122.27,37.89,52,3046,373,975,365,8.8342,430500,NEAR BAY
-122.16,37.74,46,1029,181,567,211,3.4844,129500,NEAR BAY
-122.16,37.71,37,1507,242,632,253,4.5553,191000,NEAR BAY
-121.7,39.36,46,1210,243,523,242,1.91,63900,INLAND
-121.97,38.03,17,3685,685,1939,649,3.7043,139800,INLAND
-122.3,37.89,52,1248,283,620,275,4.0875,221300,NEAR BAY
-122.28,37.88,52,2495,491,1058,464,4.1429,259600,NEAR BAY
-122.22,37.79,49,1826,450,1201,424,2.5,136700,NEAR BAY
-122.15,37.73,45,3758,819,1573,736,2.8355,245400,NEAR BAY
-124.17,41.76,20,2673,538,1282,514,2.4605,105900,NEAR OCEAN
-122.18,37.76,43,2018,408,1111,367,1.8913,91200,NEAR BAY
-121.82,39.73,44,2923,659,1371,626,2.2925,85800,INLAND
-122.16,37.74,52,771,147,355,144,4.1458,143400,NEAR BAY
-122.3,37.9,15,5083,1212,2420,1146,4.5824,256100,NEAR BAY
-121.99,37.97,22,2823,509,1271,474,5.1333,207200,INLAND
-122.3,37.97,30,4030,772,1777,718,3.6393,184000,NEAR BAY
-122.08,37.95,24,3173,548,1351,536,5.0672,243000,NEAR BAY
-119.85,36.75,24,1143,245,608,240,2.8194,81100,INLAND
-122.32,37.93,40,1141,213,434,196,3.9464,186900,NEAR BAY
-122.12,38.01,42,2225,367,864,381,4.1189,172400,NEAR BAY
-122.34,37.97,19,392,109,287,81,6.0426,110000,NEAR BAY
-121.87,37.67,10,4337,800,1813,743,5.5,247200,INLAND
-119.82,36.83,16,2868,376,1016,379,6.1175,144700,INLAND
-120.79,38.24,19,1003,235,538,190,2.9821,90400,INLAND
-122.35,37.93,19,1334,366,1048,316,1.7865,88000,NEAR BAY
-122.2,37.77,49,2272,498,1621,483,2.4338,102400,NEAR BAY
-119.79,36.78,41,2227,462,1129,415,2.319,59100,INLAND
-124.21,41.77,17,3461,722,1947,647,2.5795,68400,NEAR OCEAN
-121.97,37.55,17,4924,1247,3080,1182,3.168,189400,<1H OCEAN
-119.87,36.54,34,1370,287,818,269,2.4044,72500,INLAND
-122.36,37.93,44,1891,449,1047,432,1.7727,86100,NEAR BAY
-119.99,38.93,23,1882,414,673,277,2.9091,141900,INLAND
-119.69,36.81,15,2892,496,1634,501,4.4934,88000,INLAND
-119.78,36.73,52,1377,319,1280,259,1.2344,43300,INLAND
-122.09,37.68,43,1415,348,569,293,2.5156,190900,NEAR BAY
-122.14,37.69,38,1571,317,874,301,4.4659,189100,NEAR BAY
-121.93,37.53,27,5532,973,2855,960,4.7478,243500,<1H OCEAN
-122.29,37.9,49,1283,238,576,236,3.3333,276800,NEAR BAY
-122.02,37.56,35,1716,312,914,316,5.5737,214500,NEAR BAY
-122.08,37.92,26,1733,265,796,274,6.195,264900,NEAR BAY
-119.79,36.85,11,2596,619,1765,539,1.9511,54000,INLAND
-122.03,37.6,24,2077,383,1488,389,4.5721,214700,NEAR BAY
-122.26,37.83,51,936,311,517,249,1.2852,150000,NEAR BAY
-119.72,36.81,15,2175,564,1194,482,2.6767,87500,INLAND
-122.18,37.91,31,7200,876,2428,843,10.9405,500001,NEAR BAY
